county_name,number_of_cases,eligible_individuals,individuals_under_5,individuals_5-17,individuals_18-59,individuals_60-64,individuals_over_64,total_snap_payments,avg_snap_payment,month,year,payment_inflation_adjusted
Bastrop,4957,11907,2013,4672,4277,365,580,"$1,333,810",$269.08,January,2018,$351.70
Bell,22774,55611,9284,19725,23156,1368,2078,"$6,145,950",$269.87,January,2018,$352.74
Blanco,259,575,89,184,236,19,47,"$57,372",$221.51,January,2018,$289.53
Burnet,1839,4352,694,1526,1642,162,328,"$444,488",$241.70,January,2018,$315.92
Caldwell,2688,6752,1127,2593,2460,195,377,"$734,167",$273.13,January,2018,$357.00
Coryell,3544,8579,1412,2898,3707,213,349,"$911,730",$257.26,January,2018,$336.25
Falls,1371,2885,447,892,1165,147,234,"$292,946",$213.67,January,2018,$279.28
Fayette,918,2036,307,726,775,78,150,"$210,500",$229.30,January,2018,$299.71
Freestone,1117,2449,368,827,1001,83,170,"$262,608",$235.10,January,2018,$307.29
Gillespie,630,1568,236,590,584,46,112,"$158,124",$250.99,January,2018,$328.06
Hays,6162,15224,2545,5790,5789,368,732,"$1,671,369",$271.24,January,2018,$354.53
Lampasas,1102,2553,359,838,1126,83,147,"$266,918",$242.21,January,2018,$316.58
Lee,881,2102,351,789,790,57,115,"$226,241",$256.80,January,2018,$335.65
Limestone,1727,3974,616,1390,1607,103,258,"$410,670",$237.79,January,2018,$310.80
Llano,930,1981,299,576,810,106,190,"$203,222",$218.52,January,2018,$285.62
McLennan,16775,38380,6486,13411,15414,1216,1853,"$4,163,842",$248.22,January,2018,$324.44
Milam,2008,4523,649,1545,1829,187,313,"$493,999",$246.02,January,2018,$321.56
Mills,182,396,53,121,170,18,34,"$38,880",$213.63,January,2018,$279.23
San Saba,341,780,125,233,332,30,60,"$81,831",$239.97,January,2018,$313.65
Travis,46818,102907,17971,39695,36542,2896,5803,"$11,980,843",$255.90,January,2018,$334.48
Williamson,11913,29487,4839,11116,11073,676,1783,"$3,199,566",$268.58,January,2018,$351.05
Bastrop,4924,11819,1993,4652,4231,360,583,"$1,340,994",$272.34,February,2018,$354.36
Bell,22564,55135,9222,19578,22893,1377,2065,"$6,163,832",$273.17,February,2018,$355.44
Blanco,258,556,89,174,223,20,50,"$54,529",$211.35,February,2018,$275.00
Burnet,1834,4342,697,1528,1636,162,319,"$448,712",$244.66,February,2018,$318.34
Caldwell,2680,6656,1123,2541,2415,199,378,"$732,614",$273.36,February,2018,$355.68
Coryell,3510,8496,1379,2875,3672,221,349,"$906,738",$258.33,February,2018,$336.13
Falls,1359,2834,438,872,1146,148,230,"$291,472",$214.48,February,2018,$279.07
Fayette,927,2067,324,723,792,79,149,"$215,284",$232.24,February,2018,$302.18
Freestone,1115,2455,371,837,996,83,168,"$267,897",$240.27,February,2018,$312.63
Gillespie,625,1552,249,571,577,44,111,"$160,333",$256.53,February,2018,$333.79
Hays,6129,15104,2557,5742,5714,367,724,"$1,683,247",$274.64,February,2018,$357.35
Lampasas,1108,2529,352,826,1121,82,148,"$269,148",$242.91,February,2018,$316.06
Lee,878,2081,340,784,784,57,116,"$227,116",$258.67,February,2018,$336.57
Limestone,1721,3914,597,1367,1582,112,256,"$411,458",$239.08,February,2018,$311.08
Llano,928,2015,308,589,820,112,186,"$209,446",$225.70,February,2018,$293.67
McLennan,16578,37897,6416,13239,15198,1207,1837,"$4,162,437",$251.08,February,2018,$326.69
Milam,2004,4505,652,1529,1827,191,306,"$496,922",$247.97,February,2018,$322.65
Mills,178,389,51,120,167,20,31,"$36,537",$205.26,February,2018,$267.08
San Saba,339,774,117,239,329,31,58,"$81,921",$241.65,February,2018,$314.42
Travis,46709,102403,17908,39433,36399,2906,5757,"$12,055,227",$258.09,February,2018,$335.82
Williamson,11729,29041,4782,10980,10844,680,1755,"$3,198,031",$272.66,February,2018,$354.77
Bastrop,4771,11481,1958,4525,4081,347,570,"$1,295,655",$271.57,March,2018,$352.56
Bell,22474,54988,9212,19543,22775,1388,2070,"$6,067,907",$270.00,March,2018,$350.52
Blanco,256,559,86,181,222,19,51,"$54,415",$212.56,March,2018,$275.95
Burnet,1792,4236,680,1483,1594,161,318,"$434,013",$242.19,March,2018,$314.42
Caldwell,2637,6548,1089,2498,2381,195,385,"$715,100",$271.18,March,2018,$352.05
Coryell,3496,8409,1369,2831,3629,225,355,"$897,487",$256.72,March,2018,$333.28
Falls,1363,2846,442,863,1164,150,227,"$293,335",$215.21,March,2018,$279.39
Fayette,890,1970,311,692,743,76,148,"$206,497",$232.02,March,2018,$301.21
Freestone,1107,2443,367,832,983,89,172,"$262,793",$237.39,March,2018,$308.18
Gillespie,614,1517,240,565,554,48,110,"$156,223",$254.43,March,2018,$330.31
Hays,6092,15048,2551,5700,5703,367,727,"$1,663,416",$273.05,March,2018,$354.48
Lampasas,1089,2499,355,815,1097,82,150,"$264,947",$243.29,March,2018,$315.84
Lee,861,2054,338,766,781,55,114,"$224,412",$260.64,March,2018,$338.37
Limestone,1703,3838,580,1333,1557,112,256,"$405,109",$237.88,March,2018,$308.82
Llano,928,2012,313,583,822,110,184,"$207,001",$223.06,March,2018,$289.58
McLennan,16471,37690,6431,13143,15101,1194,1821,"$4,123,807",$250.37,March,2018,$325.04
Milam,1995,4477,651,1508,1822,191,305,"$491,725",$246.48,March,2018,$319.99
Mills,176,388,49,125,164,20,30,"$37,559",$213.40,March,2018,$277.04
San Saba,335,758,118,230,318,33,59,"$83,450",$249.10,March,2018,$323.39
Travis,46236,101519,17779,39241,35822,2919,5758,"$11,891,554",$257.19,March,2018,$333.89
Williamson,11630,28631,4684,10863,10621,694,1769,"$3,136,021",$269.65,March,2018,$350.07
Bastrop,4623,11090,1881,4368,3941,349,551,"$1,262,472",$273.09,April,2018,$353.13
Bell,22357,54636,9138,19427,22602,1398,2071,"$6,071,546",$271.57,April,2018,$351.16
Blanco,250,534,82,168,218,17,49,"$53,054",$212.22,April,2018,$274.42
Burnet,1781,4156,660,1450,1569,155,322,"$433,508",$243.41,April,2018,$314.75
Caldwell,2572,6406,1074,2444,2321,190,377,"$694,450",$270.00,April,2018,$349.13
Coryell,3474,8307,1355,2762,3617,227,346,"$894,089",$257.37,April,2018,$332.80
Falls,1363,2833,432,861,1162,147,231,"$295,576",$216.86,April,2018,$280.42
Fayette,872,1929,324,653,726,79,147,"$204,560",$234.59,April,2018,$303.34
Freestone,1079,2392,358,817,951,92,174,"$257,899",$239.02,April,2018,$309.07
Gillespie,606,1524,242,568,559,45,110,"$155,133",$256.00,April,2018,$331.03
Hays,6005,14905,2530,5653,5644,365,713,"$1,646,838",$274.24,April,2018,$354.61
Lampasas,1059,2424,338,798,1060,82,146,"$259,378",$244.93,April,2018,$316.71
Lee,861,2059,341,769,782,56,111,"$222,724",$258.68,April,2018,$334.49
Limestone,1696,3803,572,1322,1544,110,255,"$399,994",$235.85,April,2018,$304.97
Llano,922,1993,301,586,819,106,181,"$207,175",$224.70,April,2018,$290.56
McLennan,16284,37237,6337,12992,14893,1203,1812,"$4,070,040",$249.94,April,2018,$323.19
Milam,1971,4430,631,1502,1793,197,307,"$492,414",$249.83,April,2018,$323.05
Mills,177,388,49,123,164,21,31,"$37,727",$213.15,April,2018,$275.62
San Saba,326,744,113,236,303,34,58,"$79,633",$244.27,April,2018,$315.86
Travis,45659,100473,17609,38981,35237,2906,5740,"$11,780,578",$258.01,April,2018,$333.63
Williamson,11525,28211,4614,10648,10485,704,1760,"$3,112,544",$270.07,April,2018,$349.22
Bastrop,4499,10839,1855,4301,3798,334,551,"$1,224,676",$272.21,May,2018,$350.53
Bell,22278,54448,9120,19353,22479,1405,2091,"$6,060,407",$272.04,May,2018,$350.31
Blanco,244,527,81,167,211,18,50,"$50,522",$207.06,May,2018,$266.64
Burnet,1761,4091,650,1430,1540,156,315,"$430,930",$244.71,May,2018,$315.12
Caldwell,2504,6215,1042,2393,2224,185,371,"$679,576",$271.40,May,2018,$349.49
Coryell,3454,8223,1342,2735,3573,225,348,"$890,561",$257.83,May,2018,$332.01
Falls,1367,2831,435,846,1167,148,235,"$296,430",$216.85,May,2018,$279.24
Fayette,857,1919,327,643,724,76,149,"$204,756",$238.92,May,2018,$307.66
Freestone,1074,2368,348,807,940,96,177,"$257,946",$240.17,May,2018,$309.27
Gillespie,606,1528,242,570,564,44,108,"$155,339",$256.33,May,2018,$330.08
Hays,5991,14836,2521,5619,5612,363,721,"$1,634,630",$272.85,May,2018,$351.36
Lampasas,1064,2433,342,798,1063,85,145,"$258,553",$243.00,May,2018,$312.92
Lee,837,2006,320,761,765,54,106,"$211,512",$252.70,May,2018,$325.41
Limestone,1704,3785,567,1316,1533,113,256,"$401,727",$235.76,May,2018,$303.59
Llano,918,1999,302,593,815,107,182,"$204,936",$223.24,May,2018,$287.47
McLennan,16198,37058,6332,12875,14839,1205,1807,"$4,050,844",$250.08,May,2018,$322.03
Milam,1936,4382,618,1501,1755,190,318,"$479,689",$247.77,May,2018,$319.06
Mills,179,401,56,126,168,21,30,"$39,112",$218.50,May,2018,$281.37
San Saba,328,722,103,221,304,34,60,"$73,943",$225.44,May,2018,$290.30
Travis,45123,99271,17394,38441,34854,2868,5714,"$11,649,228",$258.17,May,2018,$332.45
Williamson,11482,28055,4638,10556,10403,707,1751,"$3,083,913",$268.59,May,2018,$345.87
Bastrop,4543,10957,1873,4369,3828,334,553,"$1,228,605",$270.44,June,2018,$347.70
Bell,22531,55109,9224,19538,22840,1405,2102,"$6,113,538",$271.34,June,2018,$348.86
Blanco,235,504,80,160,194,21,49,"$48,155",$204.91,June,2018,$263.45
Burnet,1767,4103,641,1432,1552,157,321,"$421,716",$238.66,June,2018,$306.84
Caldwell,2514,6258,1070,2410,2227,182,369,"$684,458",$272.26,June,2018,$350.04
Coryell,3504,8318,1355,2742,3637,219,365,"$893,693",$255.05,June,2018,$327.91
Falls,1386,2876,447,859,1177,151,242,"$297,082",$214.34,June,2018,$275.57
Fayette,871,1962,324,669,737,77,155,"$206,887",$237.53,June,2018,$305.39
Freestone,1086,2405,361,812,958,96,178,"$256,690",$236.36,June,2018,$303.88
Gillespie,591,1507,234,571,552,42,108,"$151,670",$256.63,June,2018,$329.94
Hays,6016,14874,2514,5636,5635,360,729,"$1,630,546",$271.03,June,2018,$348.46
Lampasas,1062,2397,333,784,1050,85,145,"$257,902",$242.85,June,2018,$312.23
Lee,838,1987,318,749,763,57,100,"$205,113",$244.76,June,2018,$314.68
Limestone,1701,3798,557,1335,1535,120,251,"$401,571",$236.08,June,2018,$303.52
Llano,922,1989,303,577,817,109,183,"$207,036",$224.55,June,2018,$288.70
McLennan,16219,37075,6366,12810,14876,1217,1806,"$4,044,612",$249.37,June,2018,$320.61
Milam,1927,4357,617,1487,1744,189,320,"$474,491",$246.23,June,2018,$316.57
Mills,183,407,57,125,172,23,30,"$39,926",$218.17,June,2018,$280.50
San Saba,338,746,102,232,317,36,59,"$78,095",$231.05,June,2018,$297.06
Travis,45127,99205,17241,38350,34964,2916,5734,"$11,620,653",$257.51,June,2018,$331.07
Williamson,11504,28058,4642,10587,10381,695,1753,"$3,081,550",$267.87,June,2018,$344.39
Bastrop,4540,10882,1836,4322,3835,328,561,"$1,217,970",$268.28,July,2018,$344.90
Bell,22573,55245,9191,19639,22909,1429,2077,"$6,158,071",$272.81,July,2018,$350.72
Blanco,233,500,78,163,189,22,48,"$47,819",$205.23,July,2018,$263.84
Burnet,1746,4052,632,1408,1542,154,316,"$423,606",$242.62,July,2018,$311.91
Caldwell,2517,6278,1048,2436,2243,181,370,"$677,648",$269.23,July,2018,$346.12
Coryell,3546,8397,1345,2773,3669,233,377,"$903,108",$254.68,July,2018,$327.41
Falls,1373,2861,442,865,1169,145,240,"$295,726",$215.39,July,2018,$276.90
Fayette,856,1920,308,666,722,71,153,"$204,331",$238.70,July,2018,$306.87
Freestone,1101,2449,361,823,981,98,186,"$259,783",$235.95,July,2018,$303.33
Gillespie,571,1455,230,560,507,42,116,"$141,665",$248.10,July,2018,$318.95
Hays,5968,14757,2490,5589,5588,358,732,"$1,631,731",$273.41,July,2018,$351.49
Lampasas,1056,2395,322,794,1048,84,147,"$252,563",$239.17,July,2018,$307.47
Lee,831,1983,328,737,760,56,102,"$204,791",$246.44,July,2018,$316.82
Limestone,1670,3734,549,1312,1501,115,257,"$400,654",$239.91,July,2018,$308.43
Llano,914,1986,312,578,810,104,182,"$200,872",$219.77,July,2018,$282.53
McLennan,16183,37018,6320,12818,14865,1217,1798,"$4,046,506",$250.05,July,2018,$321.46
Milam,1900,4318,618,1471,1726,186,317,"$462,853",$243.61,July,2018,$313.18
Mills,182,404,58,122,171,23,30,"$38,538",$211.75,July,2018,$272.22
San Saba,353,788,105,250,337,33,63,"$81,748",$231.58,July,2018,$297.72
Travis,44914,98674,17094,38031,34895,2908,5746,"$11,574,599",$257.71,July,2018,$331.31
Williamson,11462,27931,4601,10515,10346,696,1773,"$3,068,103",$267.68,July,2018,$344.13
Bastrop,4598,11025,1855,4371,3902,333,564,"$1,238,577",$269.37,August,2018,$346.11
Bell,22802,55685,9223,19814,23069,1456,2123,"$6,193,932",$271.64,August,2018,$349.02
Blanco,242,524,85,167,198,24,50,"$51,694",$213.61,August,2018,$274.46
Burnet,1741,4015,638,1370,1547,145,315,"$419,457",$240.93,August,2018,$309.56
Caldwell,2539,6357,1090,2456,2249,181,381,"$695,481",$273.92,August,2018,$351.95
Coryell,3553,8499,1368,2852,3685,228,366,"$920,945",$259.20,August,2018,$333.04
Falls,1365,2836,438,859,1153,146,240,"$292,553",$214.32,August,2018,$275.37
Fayette,852,1904,306,660,707,71,160,"$202,543",$237.73,August,2018,$305.45
Freestone,1129,2477,364,839,987,99,188,"$263,135",$233.07,August,2018,$299.47
Gillespie,572,1437,227,555,499,41,115,"$138,213",$241.63,August,2018,$310.46
Hays,6020,14911,2502,5658,5663,350,738,"$1,639,093",$272.27,August,2018,$349.83
Lampasas,1061,2411,333,779,1069,85,145,"$255,497",$240.81,August,2018,$309.41
Lee,836,2011,345,739,772,53,102,"$209,103",$250.12,August,2018,$321.37
Limestone,1671,3747,535,1339,1501,116,256,"$398,227",$238.32,August,2018,$306.21
Llano,904,1980,322,578,794,104,182,"$204,105",$225.78,August,2018,$290.10
McLennan,16175,36963,6296,12817,14806,1227,1817,"$4,042,120",$249.90,August,2018,$321.09
Milam,1877,4273,625,1453,1688,186,321,"$462,419",$246.36,August,2018,$316.54
Mills,181,395,56,119,167,23,30,"$37,915",$209.48,August,2018,$269.16
San Saba,348,775,103,247,326,34,65,"$81,641",$234.60,August,2018,$301.43
Travis,44971,98674,17107,38040,34809,2961,5757,"$11,592,650",$257.78,August,2018,$331.21
Williamson,11549,28248,4635,10674,10486,683,1770,"$3,091,827",$267.71,August,2018,$343.97
Bastrop,4596,10942,1858,4329,3856,338,561,"$1,240,997",$270.02,September,2018,$346.54
Bell,22915,55912,9204,19949,23139,1467,2153,"$6,249,672",$272.73,September,2018,$350.02
Blanco,241,520,85,171,197,19,48,"$54,715",$227.03,September,2018,$291.37
Burnet,1763,4067,645,1398,1560,144,320,"$421,318",$238.98,September,2018,$306.70
Caldwell,2523,6274,1081,2420,2228,181,364,"$692,781",$274.59,September,2018,$352.40
Coryell,3541,8537,1381,2876,3686,226,368,"$924,871",$261.19,September,2018,$335.21
Falls,1366,2837,434,867,1159,141,236,"$292,682",$214.26,September,2018,$274.98
Fayette,845,1909,307,673,702,68,159,"$204,321",$241.80,September,2018,$310.32
Freestone,1114,2441,360,815,980,98,188,"$266,806",$239.50,September,2018,$307.37
Gillespie,579,1454,224,563,515,40,112,"$142,436",$246.00,September,2018,$315.71
Hays,6064,14913,2484,5634,5688,356,751,"$1,639,603",$270.38,September,2018,$347.00
Lampasas,1091,2500,342,821,1095,91,151,"$266,436",$244.21,September,2018,$313.42
Lee,835,2001,357,731,757,53,103,"$209,617",$251.04,September,2018,$322.18
Limestone,1678,3761,531,1355,1492,121,262,"$399,791",$238.25,September,2018,$305.77
Llano,905,1984,328,573,802,100,181,"$204,459",$225.92,September,2018,$289.94
McLennan,16157,36906,6237,12832,14793,1210,1834,"$4,026,311",$249.20,September,2018,$319.82
Milam,1859,4237,631,1425,1665,190,326,"$458,585",$246.68,September,2018,$316.58
Mills,178,403,55,126,172,19,31,"$38,871",$218.38,September,2018,$280.27
San Saba,351,768,95,251,322,36,64,"$83,179",$236.98,September,2018,$304.14
Travis,45018,98532,17080,37854,34897,2953,5748,"$11,627,065",$258.28,September,2018,$331.47
Williamson,11539,28212,4610,10636,10493,678,1795,"$3,097,948",$268.48,September,2018,$344.56
Bastrop,4574,10958,1858,4366,3830,340,564,"$1,249,700",$273.22,October,2018,$350.03
Bell,23122,56395,9292,20085,23362,1490,2166,"$6,345,644",$274.44,October,2018,$351.59
Blanco,245,530,88,170,203,21,48,"$56,797",$231.82,October,2018,$296.99
Burnet,1746,4095,666,1430,1539,143,317,"$426,336",$244.18,October,2018,$312.82
Caldwell,2512,6284,1086,2436,2203,185,374,"$696,864",$277.41,October,2018,$355.40
Coryell,3580,8656,1402,2915,3718,239,382,"$952,542",$266.07,October,2018,$340.87
Falls,1380,2852,419,880,1176,138,239,"$300,389",$217.67,October,2018,$278.86
Fayette,829,1862,296,652,696,63,155,"$198,000",$238.84,October,2018,$305.98
Freestone,1105,2414,362,793,973,96,190,"$266,750",$241.40,October,2018,$309.26
Gillespie,589,1455,230,546,521,41,117,"$147,177",$249.88,October,2018,$320.13
Hays,6098,14879,2487,5604,5673,363,752,"$1,648,340",$270.31,October,2018,$346.30
Lampasas,1081,2480,330,820,1079,96,155,"$272,176",$251.78,October,2018,$322.56
Lee,800,1877,329,685,701,57,105,"$200,367",$250.46,October,2018,$320.87
Limestone,1693,3798,537,1357,1524,123,257,"$411,253",$242.91,October,2018,$311.20
Llano,891,1912,306,557,762,105,182,"$198,084",$222.32,October,2018,$284.82
McLennan,16185,36996,6266,12874,14792,1218,1846,"$4,065,956",$251.22,October,2018,$321.84
Milam,1862,4197,607,1409,1670,186,325,"$458,983",$246.50,October,2018,$315.80
Mills,182,410,56,121,180,18,35,"$42,273",$232.27,October,2018,$297.57
San Saba,352,753,95,244,309,40,65,"$82,540",$234.49,October,2018,$300.41
Travis,44979,98383,17039,37721,34915,2929,5779,"$11,685,441",$259.80,October,2018,$332.83
Williamson,11548,28286,4622,10711,10469,670,1814,"$3,126,612",$270.75,October,2018,$346.86
Bastrop,4488,10732,1820,4265,3746,330,571,"$1,225,959",$273.16,November,2018,$351.13
Bell,22950,55876,9186,19913,23112,1490,2175,"$6,299,993",$274.51,November,2018,$352.86
Blanco,248,534,84,172,208,20,50,"$54,922",$221.46,November,2018,$284.67
Burnet,1698,3960,642,1385,1476,143,314,"$413,444",$243.49,November,2018,$312.99
Caldwell,2491,6221,1056,2410,2193,187,375,"$692,475",$277.99,November,2018,$357.34
Coryell,3528,8519,1386,2848,3654,243,388,"$923,059",$261.64,November,2018,$336.32
Falls,1381,2873,423,892,1179,129,250,"$300,150",$217.34,November,2018,$279.37
Fayette,822,1837,280,652,687,65,153,"$194,432",$236.54,November,2018,$304.05
Freestone,1089,2411,366,806,962,92,185,"$267,144",$245.31,November,2018,$315.33
Gillespie,580,1416,228,528,499,44,117,"$142,058",$244.93,November,2018,$314.84
Hays,6015,14667,2470,5529,5563,362,743,"$1,619,615",$269.26,November,2018,$346.11
Lampasas,1067,2445,312,812,1073,93,155,"$262,734",$246.24,November,2018,$316.52
Lee,788,1842,326,668,691,57,100,"$193,943",$246.12,November,2018,$316.37
Limestone,1676,3760,547,1316,1513,126,258,"$400,575",$239.01,November,2018,$307.23
Llano,883,1909,304,565,752,103,185,"$197,620",$223.81,November,2018,$287.69
McLennan,16021,36679,6213,12831,14551,1233,1851,"$4,018,799",$250.85,November,2018,$322.45
Milam,1857,4192,592,1431,1661,187,321,"$455,311",$245.19,November,2018,$315.17
Mills,177,404,51,127,175,17,34,"$41,174",$232.62,November,2018,$299.02
San Saba,343,747,100,240,303,42,62,"$80,004",$233.25,November,2018,$299.83
Travis,44453,97296,16894,37310,34410,2916,5766,"$11,518,387",$259.11,November,2018,$333.07
Williamson,11435,28049,4571,10652,10340,662,1824,"$3,089,794",$270.20,November,2018,$347.32
Bastrop,4397,10439,1784,4118,3649,331,557,"$1,202,684",$273.52,December,2018,$352.72
Bell,22629,55114,9037,19646,22769,1475,2187,"$6,219,784",$274.86,December,2018,$354.44
Blanco,254,544,86,175,213,19,51,"$57,794",$227.54,December,2018,$293.42
Burnet,1677,3924,638,1372,1467,141,306,"$409,044",$243.91,December,2018,$314.53
Caldwell,2436,5990,1020,2298,2111,191,370,"$673,719",$276.57,December,2018,$356.65
Coryell,3480,8401,1342,2851,3574,248,386,"$917,258",$263.58,December,2018,$339.90
Falls,1352,2804,413,872,1140,131,248,"$295,896",$218.86,December,2018,$282.23
Fayette,823,1824,282,642,678,67,155,"$192,171",$233.50,December,2018,$301.11
Freestone,1045,2297,354,742,927,91,183,"$256,380",$245.34,December,2018,$316.38
Gillespie,584,1412,228,520,501,44,119,"$142,466",$243.95,December,2018,$314.58
Hays,5911,14450,2431,5461,5453,363,742,"$1,595,256",$269.88,December,2018,$348.02
Lampasas,1067,2416,301,796,1060,97,162,"$259,306",$243.02,December,2018,$313.38
Lee,778,1824,322,659,686,58,99,"$194,599",$250.13,December,2018,$322.55
Limestone,1626,3637,534,1253,1478,122,250,"$389,398",$239.48,December,2018,$308.82
Llano,889,1912,298,563,760,100,191,"$199,812",$224.76,December,2018,$289.84
McLennan,15677,35787,6002,12516,14188,1231,1850,"$3,931,297",$250.77,December,2018,$323.38
Milam,1844,4117,562,1412,1634,191,318,"$448,160",$243.04,December,2018,$313.41
Mills,173,392,50,124,166,17,35,"$40,795",$235.81,December,2018,$304.09
San Saba,347,765,105,242,310,42,66,"$80,241",$231.24,December,2018,$298.19
Travis,43434,95099,16485,36490,33480,2910,5734,"$11,277,165",$259.64,December,2018,$334.82
Williamson,11167,27307,4435,10407,10003,655,1807,"$3,011,102",$269.64,December,2018,$347.71
Bastrop,4383,10443,1798,4138,3624,335,548,"$1,173,529",$267.75,January,2019,$344.62
Bell,22632,54944,8979,19513,22805,1461,2186,"$6,070,090",$268.21,January,2019,$345.21
Blanco,251,533,85,169,207,20,52,"$55,867",$222.58,January,2019,$286.48
Burnet,1714,4003,648,1393,1503,152,307,"$408,137",$238.12,January,2019,$306.48
Caldwell,2433,6058,1037,2342,2125,189,365,"$665,091",$273.36,January,2019,$351.84
Coryell,3490,8387,1330,2834,3577,265,381,"$885,360",$253.68,January,2019,$326.51
Falls,1366,2862,422,909,1147,134,250,"$292,461",$214.10,January,2019,$275.57
Fayette,844,1884,290,663,703,70,158,"$193,856",$229.69,January,2019,$295.63
Freestone,1049,2314,360,747,929,93,185,"$248,300",$236.70,January,2019,$304.65
Gillespie,583,1397,235,505,495,44,118,"$135,176",$231.86,January,2019,$298.42
Hays,5936,14502,2440,5434,5515,366,747,"$1,566,101",$263.83,January,2019,$339.57
Lampasas,1061,2393,300,783,1048,95,167,"$251,951",$237.47,January,2019,$305.65
Lee,786,1837,318,658,709,55,97,"$191,845",$244.08,January,2019,$314.15
Limestone,1641,3693,555,1269,1502,121,246,"$389,610",$237.42,January,2019,$305.58
Llano,879,1894,284,566,760,99,185,"$190,015",$216.17,January,2019,$278.23
McLennan,15600,35709,5954,12544,14152,1240,1819,"$3,824,211",$245.14,January,2019,$315.52
Milam,1835,4122,564,1411,1637,197,313,"$438,128",$238.76,January,2019,$307.31
Mills,172,394,53,124,166,16,35,"$40,412",$234.95,January,2019,$302.40
San Saba,340,756,107,241,297,42,69,"$76,711",$225.62,January,2019,$290.39
Travis,43412,94911,16312,36365,33596,2909,5729,"$10,991,518",$253.19,January,2019,$325.88
Williamson,11269,27599,4472,10527,10131,673,1796,"$2,966,975",$263.29,January,2019,$338.88
Bastrop,4320,10296,1771,4092,3555,331,547,"$1,167,021",$270.14,February,2019,$346.23
Bell,22352,54164,8868,19243,22377,1488,2188,"$6,064,092",$271.30,February,2019,$347.72
Blanco,248,522,82,168,198,21,53,"$54,615",$220.22,February,2019,$282.25
Burnet,1702,3980,634,1392,1500,150,304,"$405,693",$238.36,February,2019,$305.50
Caldwell,2415,5976,1007,2307,2100,194,368,"$668,926",$276.99,February,2019,$355.01
Coryell,3484,8336,1302,2818,3570,268,378,"$887,000",$254.59,February,2019,$326.30
Falls,1348,2853,417,911,1133,141,251,"$293,695",$217.87,February,2019,$279.24
Fayette,814,1819,288,619,684,72,156,"$189,778",$233.14,February,2019,$298.81
Freestone,1028,2293,353,761,908,88,183,"$252,259",$245.39,February,2019,$314.51
Gillespie,560,1329,219,483,464,45,118,"$129,059",$230.46,February,2019,$295.37
Hays,5914,14437,2404,5423,5500,367,743,"$1,589,906",$268.84,February,2019,$344.56
Lampasas,1064,2404,306,791,1042,97,168,"$258,240",$242.71,February,2019,$311.07
Lee,776,1813,314,651,699,50,99,"$194,760",$250.98,February,2019,$321.67
Limestone,1601,3589,536,1236,1452,118,247,"$385,167",$240.58,February,2019,$308.34
Llano,886,1908,288,565,762,99,194,"$196,057",$221.28,February,2019,$283.61
McLennan,15413,35271,5842,12379,13995,1235,1820,"$3,834,373",$248.78,February,2019,$318.85
Milam,1789,4043,545,1400,1586,192,320,"$432,153",$241.56,February,2019,$309.60
Mills,168,385,53,119,161,17,35,"$40,464",$240.86,February,2019,$308.70
San Saba,338,728,100,228,294,40,66,"$72,858",$215.56,February,2019,$276.28
Travis,42928,93756,16111,35779,33262,2903,5701,"$11,010,130",$256.48,February,2019,$328.72
Williamson,11139,27156,4432,10212,10019,692,1801,"$2,972,344",$266.84,February,2019,$342.00
Bastrop,4247,10100,1708,4016,3496,334,546,"$1,147,277",$270.14,March,2019,$344.29
Bell,22139,53647,8800,19085,22089,1492,2181,"$5,967,137",$269.53,March,2019,$343.51
Blanco,240,503,81,157,190,23,52,"$52,410",$218.38,March,2019,$278.32
Burnet,1645,3807,598,1321,1437,149,302,"$386,767",$235.12,March,2019,$299.66
Caldwell,2389,5881,985,2286,2055,191,364,"$663,420",$277.70,March,2019,$353.92
Coryell,3453,8277,1311,2753,3562,271,380,"$874,925",$253.38,March,2019,$322.93
Falls,1314,2789,416,886,1113,129,245,"$285,409",$217.21,March,2019,$276.83
Fayette,807,1797,297,605,671,70,154,"$188,050",$233.02,March,2019,$296.98
Freestone,1043,2351,356,790,924,96,185,"$254,271",$243.79,March,2019,$310.71
Gillespie,538,1259,205,455,439,42,118,"$122,898",$228.43,March,2019,$291.13
Hays,5836,14308,2377,5421,5410,368,732,"$1,565,568",$268.26,March,2019,$341.89
Lampasas,1065,2401,303,785,1053,97,163,"$254,547",$239.01,March,2019,$304.61
Lee,773,1786,302,639,689,55,101,"$187,745",$242.88,March,2019,$309.55
Limestone,1567,3515,531,1202,1430,113,239,"$380,983",$243.13,March,2019,$309.86
Llano,880,1883,278,558,755,94,198,"$192,842",$219.14,March,2019,$279.29
McLennan,15224,34888,5833,12220,13790,1217,1828,"$3,781,983",$248.42,March,2019,$316.61
Milam,1763,4004,537,1385,1582,187,313,"$424,400",$240.73,March,2019,$306.81
Mills,161,371,51,115,153,18,34,"$37,917",$235.51,March,2019,$300.15
San Saba,330,719,98,228,282,39,72,"$71,801",$217.58,March,2019,$277.30
Travis,42544,92705,15940,35230,32918,2908,5709,"$10,891,038",$255.99,March,2019,$326.25
Williamson,11064,26944,4383,10108,9958,688,1807,"$2,938,782",$265.62,March,2019,$338.53
Bastrop,4188,9973,1694,3987,3418,328,546,"$1,138,686",$271.89,April,2019,$344.69
Bell,21803,52708,8656,18689,21686,1494,2183,"$5,881,915",$269.78,April,2019,$342.02
Blanco,230,472,75,145,177,21,54,"$50,621",$220.09,April,2019,$279.02
Burnet,1620,3726,580,1298,1396,152,300,"$383,381",$236.65,April,2019,$300.02
Caldwell,2336,5693,942,2209,1995,187,360,"$635,216",$271.92,April,2019,$344.73
Coryell,3446,8258,1294,2781,3540,266,377,"$873,453",$253.47,April,2019,$321.34
Falls,1297,2728,410,853,1094,130,241,"$285,326",$219.99,April,2019,$278.90
Fayette,809,1785,293,593,677,68,154,"$186,904",$231.03,April,2019,$292.89
Freestone,1049,2332,346,773,926,100,187,"$249,590",$237.93,April,2019,$301.64
Gillespie,524,1208,194,429,418,46,121,"$122,002",$232.83,April,2019,$295.17
Hays,5703,13994,2357,5288,5261,364,724,"$1,524,406",$267.30,April,2019,$338.87
Lampasas,1067,2393,313,773,1049,94,164,"$254,689",$238.70,April,2019,$302.62
Lee,766,1764,296,629,688,50,101,"$184,491",$240.85,April,2019,$305.34
Limestone,1538,3418,502,1176,1388,118,234,"$374,499",$243.50,April,2019,$308.70
Llano,879,1868,278,548,752,93,197,"$192,207",$218.67,April,2019,$277.22
McLennan,14962,34235,5730,11954,13519,1202,1830,"$3,710,324",$247.98,April,2019,$314.38
Milam,1741,3931,532,1347,1549,184,319,"$414,262",$237.94,April,2019,$301.65
Mills,157,362,48,112,151,18,33,"$39,395",$250.92,April,2019,$318.11
San Saba,321,705,93,225,276,39,72,"$71,015",$221.23,April,2019,$280.47
Travis,41707,90568,15567,34392,32070,2881,5658,"$10,648,929",$255.33,April,2019,$323.70
Williamson,10769,26053,4229,9685,9662,677,1800,"$2,848,120",$264.47,April,2019,$335.29
Bastrop,4155,9899,1694,3923,3423,335,524,"$1,123,350",$270.36,May,2019,$342.03
Bell,21703,52407,8594,18605,21520,1488,2200,"$5,827,030",$268.49,May,2019,$339.66
Blanco,232,478,71,150,178,22,57,"$48,968",$211.07,May,2019,$267.02
Burnet,1594,3666,565,1270,1375,153,303,"$382,900",$240.21,May,2019,$303.88
Caldwell,2348,5722,944,2216,2003,195,364,"$631,445",$268.93,May,2019,$340.22
Coryell,3406,8177,1260,2795,3499,257,366,"$860,436",$252.62,May,2019,$319.58
Falls,1252,2640,379,843,1045,134,239,"$271,988",$217.24,May,2019,$274.83
Fayette,802,1777,289,587,678,71,152,"$183,652",$228.99,May,2019,$289.69
Freestone,1042,2304,345,757,912,100,190,"$248,530",$238.51,May,2019,$301.73
Gillespie,500,1147,179,416,393,42,117,"$115,807",$231.61,May,2019,$293.00
Hays,5681,13923,2295,5312,5210,369,737,"$1,533,041",$269.85,May,2019,$341.38
Lampasas,1069,2417,325,772,1065,92,163,"$254,643",$238.21,May,2019,$301.35
Lee,759,1745,313,609,667,52,104,"$188,200",$247.96,May,2019,$313.69
Limestone,1527,3410,510,1170,1382,112,236,"$369,084",$241.71,May,2019,$305.78
Llano,873,1883,281,561,751,93,197,"$193,943",$222.16,May,2019,$281.05
McLennan,14926,34159,5731,11904,13508,1191,1825,"$3,702,550",$248.06,May,2019,$313.81
Milam,1725,3900,519,1342,1539,183,317,"$409,881",$237.61,May,2019,$300.59
Mills,159,359,51,106,150,20,32,"$37,944",$238.64,May,2019,$301.90
San Saba,314,679,86,215,269,38,71,"$70,860",$225.67,May,2019,$285.49
Travis,41359,89909,15503,34104,31782,2877,5643,"$10,529,387",$254.59,May,2019,$322.08
Williamson,10662,25910,4238,9628,9582,670,1792,"$2,826,219",$265.07,May,2019,$335.33
Bastrop,4205,10009,1687,3975,3467,348,532,"$1,143,985",$272.05,June,2019,$344.10
Bell,22062,53325,8726,18964,21897,1504,2234,"$5,943,642",$269.41,June,2019,$340.76
Blanco,241,495,69,157,191,23,55,"$50,235",$208.44,June,2019,$263.64
Burnet,1625,3721,589,1282,1387,157,306,"$386,571",$237.89,June,2019,$300.89
Caldwell,2390,5866,972,2292,2038,197,367,"$641,349",$268.35,June,2019,$339.42
Coryell,3420,8190,1253,2789,3522,265,361,"$862,395",$252.16,June,2019,$318.94
Falls,1278,2712,407,850,1074,142,239,"$279,750",$218.90,June,2019,$276.87
Fayette,805,1764,272,590,681,63,158,"$183,003",$227.33,June,2019,$287.53
Freestone,1022,2274,339,748,910,92,185,"$238,978",$233.83,June,2019,$295.75
Gillespie,513,1195,192,439,409,41,114,"$117,053",$228.17,June,2019,$288.60
Hays,5762,14104,2320,5364,5305,377,738,"$1,558,162",$270.42,June,2019,$342.03
Lampasas,1097,2503,352,803,1092,92,164,"$261,701",$238.56,June,2019,$301.74
Lee,776,1803,323,636,682,59,103,"$193,598",$249.48,June,2019,$315.55
Limestone,1536,3426,501,1186,1383,116,240,"$368,740",$240.07,June,2019,$303.65
Llano,876,1888,269,565,762,97,195,"$196,646",$224.48,June,2019,$283.93
McLennan,15178,34801,5824,12125,13832,1181,1839,"$3,776,519",$248.82,June,2019,$314.71
Milam,1721,3885,499,1355,1532,189,310,"$406,374",$236.13,June,2019,$298.66
Mills,158,353,48,104,150,20,31,"$37,046",$234.47,June,2019,$296.56
San Saba,311,683,86,226,266,35,70,"$70,462",$226.57,June,2019,$286.57
Travis,41878,90793,15648,34253,32303,2919,5670,"$10,649,241",$254.29,June,2019,$321.63
Williamson,10788,26255,4275,9784,9717,669,1810,"$2,878,971",$266.87,June,2019,$337.54
Bastrop,4235,10100,1677,4037,3515,342,529,"$1,151,614",$271.93,July,2019,$343.37
Bell,22381,54148,8841,19235,22314,1509,2249,"$6,024,640",$269.19,July,2019,$339.91
Blanco,252,517,73,162,198,27,57,"$51,963",$206.20,July,2019,$260.37
Burnet,1638,3770,590,1311,1404,155,310,"$392,861",$239.84,July,2019,$302.85
Caldwell,2405,5933,989,2316,2062,197,369,"$645,741",$268.50,July,2019,$339.04
Coryell,3418,8211,1267,2805,3511,264,364,"$876,514",$256.44,July,2019,$323.81
Falls,1283,2736,409,865,1093,135,234,"$286,901",$223.62,July,2019,$282.37
Fayette,821,1835,289,625,692,68,161,"$191,992",$233.85,July,2019,$295.29
Freestone,1024,2285,344,751,915,92,183,"$235,940",$230.41,July,2019,$290.94
Gillespie,513,1195,192,432,420,40,111,"$117,787",$229.60,July,2019,$289.92
Hays,5857,14297,2344,5396,5423,385,749,"$1,574,119",$268.76,July,2019,$339.37
Lampasas,1104,2505,353,807,1086,90,169,"$263,845",$238.99,July,2019,$301.78
Lee,775,1801,308,648,675,63,107,"$189,973",$245.13,July,2019,$309.53
Limestone,1537,3439,500,1193,1391,121,234,"$363,239",$236.33,July,2019,$298.42
Llano,876,1866,265,548,764,93,196,"$196,348",$224.14,July,2019,$283.02
McLennan,15337,35246,5862,12313,14036,1194,1841,"$3,837,422",$250.21,July,2019,$315.94
Milam,1741,3893,498,1348,1544,192,311,"$412,154",$236.73,July,2019,$298.92
Mills,167,382,56,111,165,20,30,"$39,462",$236.30,July,2019,$298.38
San Saba,322,719,88,235,289,33,74,"$72,574",$225.39,July,2019,$284.60
Travis,42275,91730,15803,34493,32772,2967,5695,"$10,692,846",$252.94,July,2019,$319.39
Williamson,10875,26471,4336,9862,9769,666,1838,"$2,877,289",$264.58,July,2019,$334.09
Bastrop,4286,10140,1671,4022,3567,347,533,"$1,147,875",$267.82,August,2019,$338.20
Bell,22707,54796,8947,19423,22636,1517,2273,"$6,131,145",$270.01,August,2019,$340.96
Blanco,253,524,83,163,198,24,56,"$52,814",$208.75,August,2019,$263.61
Burnet,1665,3862,612,1339,1446,156,309,"$402,335",$241.64,August,2019,$305.14
Caldwell,2444,6016,1006,2332,2102,205,371,"$665,310",$272.22,August,2019,$343.75
Coryell,3479,8394,1318,2879,3560,267,370,"$889,474",$255.67,August,2019,$322.85
Falls,1303,2786,419,886,1107,140,234,"$294,507",$226.02,August,2019,$285.41
Fayette,825,1866,308,636,693,67,162,"$193,924",$235.06,August,2019,$296.83
Freestone,1036,2315,351,762,924,91,187,"$246,325",$237.77,August,2019,$300.25
Gillespie,503,1198,191,439,423,35,110,"$115,513",$229.65,August,2019,$290.00
Hays,5972,14576,2378,5517,5540,387,754,"$1,600,836",$268.06,August,2019,$338.50
Lampasas,1104,2511,347,813,1089,94,168,"$266,432",$241.33,August,2019,$304.75
Lee,768,1789,310,646,665,63,105,"$188,875",$245.93,August,2019,$310.56
Limestone,1573,3498,505,1203,1426,127,237,"$364,594",$231.78,August,2019,$292.69
Llano,889,1889,270,550,777,90,202,"$198,474",$223.26,August,2019,$281.93
McLennan,15464,35454,5886,12348,14162,1199,1859,"$3,870,126",$250.27,August,2019,$316.04
Milam,1764,3936,509,1351,1568,198,310,"$415,892",$235.77,August,2019,$297.73
Mills,168,390,52,120,171,19,28,"$41,056",$244.38,August,2019,$308.60
San Saba,328,711,88,228,289,33,73,"$72,731",$221.74,August,2019,$280.01
Travis,42556,92283,15908,34550,33104,2994,5727,"$10,790,671",$253.56,August,2019,$320.19
Williamson,11109,27166,4448,10141,10069,676,1832,"$2,963,855",$266.80,August,2019,$336.91
Bastrop,4264,10064,1671,3963,3541,348,541,"$1,141,918",$267.80,September,2019,$337.91
Bell,22590,54595,8931,19427,22409,1536,2292,"$6,119,948",$270.91,September,2019,$341.83
Blanco,252,509,76,160,190,25,58,"$51,029",$202.50,September,2019,$255.51
Burnet,1632,3739,605,1285,1380,159,310,"$385,239",$236.05,September,2019,$297.85
Caldwell,2441,6007,1016,2333,2079,206,373,"$663,187",$271.69,September,2019,$342.82
Coryell,3507,8428,1298,2900,3583,273,374,"$900,280",$256.71,September,2019,$323.91
Falls,1289,2750,416,866,1094,142,232,"$290,836",$225.63,September,2019,$284.70
Fayette,819,1849,306,641,671,67,164,"$186,376",$227.57,September,2019,$287.15
Freestone,1036,2302,350,766,920,85,181,"$246,480",$237.92,September,2019,$300.21
Gillespie,508,1225,193,456,431,38,107,"$117,726",$231.74,September,2019,$292.41
Hays,5928,14415,2356,5411,5503,390,755,"$1,594,377",$268.96,September,2019,$339.37
Lampasas,1105,2514,342,809,1103,91,169,"$266,460",$241.14,September,2019,$304.27
Lee,758,1763,311,632,651,60,109,"$180,236",$237.78,September,2019,$300.03
Limestone,1556,3468,507,1190,1398,129,244,"$364,090",$233.99,September,2019,$295.25
Llano,859,1830,270,544,732,89,195,"$187,563",$218.35,September,2019,$275.51
McLennan,15314,35024,5818,12221,13937,1203,1845,"$3,839,113",$250.69,September,2019,$316.32
Milam,1753,3948,511,1380,1542,203,312,"$420,976",$240.15,September,2019,$303.02
Mills,168,383,48,115,171,17,32,"$39,096",$232.71,September,2019,$293.63
San Saba,321,719,97,234,285,35,68,"$75,632",$235.61,September,2019,$297.29
Travis,42336,91793,15733,34361,32931,3024,5744,"$10,790,441",$254.88,September,2019,$321.61
Williamson,11117,27155,4471,10146,10033,679,1826,"$2,988,485",$268.82,September,2019,$339.19
Bastrop,4239,10042,1661,3961,3515,359,546,"$1,153,614",$272.14,October,2019,$342.60
Bell,22518,54366,8811,19406,22311,1552,2286,"$6,164,385",$273.75,October,2019,$344.63
Blanco,255,509,78,157,190,24,60,"$51,777",$203.05,October,2019,$255.62
Burnet,1610,3662,601,1254,1333,168,306,"$384,256",$238.67,October,2019,$300.46
Caldwell,2425,5915,978,2289,2066,203,379,"$658,086",$271.38,October,2019,$341.64
Coryell,3491,8386,1302,2887,3556,266,375,"$911,495",$261.10,October,2019,$328.70
Falls,1301,2759,422,858,1107,138,234,"$294,436",$226.32,October,2019,$284.92
Fayette,818,1834,304,629,670,67,164,"$189,672",$231.87,October,2019,$291.90
Freestone,1027,2292,335,775,909,86,187,"$250,489",$243.90,October,2019,$307.05
Gillespie,514,1248,194,471,439,36,108,"$123,919",$241.09,October,2019,$303.51
Hays,5893,14375,2369,5405,5460,393,748,"$1,593,621",$270.43,October,2019,$340.45
Lampasas,1105,2527,342,813,1102,97,173,"$272,724",$246.81,October,2019,$310.71
Lee,766,1787,319,638,654,64,112,"$186,186",$243.06,October,2019,$305.99
Limestone,1538,3400,501,1158,1370,125,246,"$357,114",$232.19,October,2019,$292.31
Llano,862,1858,284,555,727,92,200,"$190,067",$220.50,October,2019,$277.59
McLennan,15212,34745,5779,12134,13773,1206,1853,"$3,844,321",$252.72,October,2019,$318.15
Milam,1740,3875,499,1342,1521,202,311,"$420,100",$241.44,October,2019,$303.95
Mills,164,368,48,112,164,14,30,"$39,867",$243.09,October,2019,$306.03
San Saba,326,724,98,240,281,35,70,"$77,318",$237.17,October,2019,$298.58
Travis,42111,91116,15473,34165,32757,2991,5730,"$10,851,421",$257.69,October,2019,$324.41
Williamson,11120,27215,4467,10206,10036,676,1830,"$3,032,272",$272.69,October,2019,$343.29
Bastrop,4225,9957,1617,3942,3493,358,547,"$1,130,712",$267.62,November,2019,$337.09
Bell,22223,53514,8597,19113,21968,1565,2271,"$6,049,706",$272.23,November,2019,$342.90
Blanco,250,506,81,156,183,24,62,"$52,308",$209.23,November,2019,$263.54
Burnet,1615,3647,564,1256,1352,173,302,"$384,689",$238.20,November,2019,$300.03
Caldwell,2371,5814,958,2267,2005,203,381,"$641,791",$270.68,November,2019,$340.95
Coryell,3417,8205,1278,2827,3465,266,369,"$885,469",$259.14,November,2019,$326.41
Falls,1279,2683,412,828,1064,143,236,"$289,468",$226.32,November,2019,$285.07
Fayette,790,1757,287,601,649,60,160,"$182,629",$231.18,November,2019,$291.19
Freestone,1031,2320,340,790,917,84,189,"$255,364",$247.69,November,2019,$311.99
Gillespie,502,1198,183,456,414,38,107,"$121,898",$242.82,November,2019,$305.85
Hays,5793,14132,2341,5314,5340,384,753,"$1,572,088",$271.38,November,2019,$341.83
Lampasas,1097,2492,334,804,1081,98,175,"$269,698",$245.85,November,2019,$309.67
Lee,751,1742,302,620,653,61,106,"$182,093",$242.47,November,2019,$305.41
Limestone,1526,3344,492,1126,1353,124,249,"$353,697",$231.78,November,2019,$291.95
Llano,841,1808,274,536,711,94,193,"$182,403",$216.89,November,2019,$273.19
McLennan,15000,34105,5619,11928,13489,1216,1853,"$3,755,894",$250.39,November,2019,$315.39
Milam,1713,3820,499,1311,1510,189,311,"$410,198",$239.46,November,2019,$301.62
Mills,167,370,52,107,165,16,30,"$39,307",$235.37,November,2019,$296.47
San Saba,314,705,93,237,269,36,70,"$74,391",$236.91,November,2019,$298.41
Travis,41228,89087,15080,33433,31859,2991,5724,"$10,546,917",$255.82,November,2019,$322.23
Williamson,11000,26836,4395,10042,9889,675,1835,"$2,982,781",$271.16,November,2019,$341.55
Bastrop,4147,9795,1599,3910,3403,355,528,"$1,111,145",$267.94,December,2019,$337.80
Bell,21729,52225,8342,18694,21378,1547,2264,"$5,889,384",$271.04,December,2019,$341.71
Blanco,241,493,77,156,176,21,63,"$52,356",$217.24,December,2019,$273.88
Burnet,1581,3580,549,1245,1327,163,296,"$374,634",$236.96,December,2019,$298.74
Caldwell,2342,5713,918,2231,1986,200,378,"$632,359",$270.01,December,2019,$340.41
Coryell,3415,8196,1286,2819,3440,279,372,"$879,262",$257.47,December,2019,$324.60
Falls,1247,2617,394,817,1033,135,238,"$281,007",$225.35,December,2019,$284.11
Fayette,773,1727,278,601,635,59,154,"$180,767",$233.85,December,2019,$294.82
Freestone,1033,2344,337,799,935,78,195,"$258,180",$249.93,December,2019,$315.10
Gillespie,493,1164,177,440,412,34,101,"$117,037",$237.40,December,2019,$299.30
Hays,5669,13809,2263,5228,5191,372,755,"$1,530,059",$269.90,December,2019,$340.27
Lampasas,1076,2429,327,768,1060,103,171,"$266,408",$247.59,December,2019,$312.15
Lee,739,1730,297,622,647,61,103,"$183,325",$248.07,December,2019,$312.75
Limestone,1510,3305,486,1112,1337,124,246,"$352,993",$233.77,December,2019,$294.72
Llano,834,1805,274,534,708,94,195,"$185,123",$221.97,December,2019,$279.85
McLennan,14675,33341,5449,11715,13128,1190,1859,"$3,681,625",$250.88,December,2019,$316.29
Milam,1673,3766,485,1321,1459,192,309,"$404,906",$242.02,December,2019,$305.12
Mills,167,365,50,105,165,17,28,"$39,452",$236.24,December,2019,$297.84
San Saba,310,703,88,246,264,34,71,"$73,781",$238.00,December,2019,$300.05
Travis,40375,87223,14712,32819,31053,2965,5674,"$10,334,211",$255.96,December,2019,$322.70
Williamson,10798,26344,4319,9856,9661,669,1839,"$2,925,638",$270.94,December,2019,$341.58
Bastrop,4082,9676,1583,3874,3349,348,522,"$1,075,506.00",$263.48,January,2020,$330.89
Bell,21769,52241,8312,18708,21394,1581,2246,"$5,793,200.00",$266.12,January,2020,$334.21
Blanco,247,490,77,148,179,24,62,"$51,816.00",$209.78,January,2020,$263.45
Burnet,1597,3624,543,1266,1359,164,292,"$378,072.00",$236.74,January,2020,$297.31
Caldwell,2305,5587,894,2174,1947,198,374,"$610,657.00",$264.93,January,2020,$332.72
Coryell,3395,8152,1259,2825,3422,272,374,"$861,897.00",$253.87,January,2020,$318.83
Falls,1237,2571,389,791,1012,140,239,"$275,297.00",$222.55,January,2020,$279.49
Fayette,768,1696,281,572,626,59,158,"$176,967.00",$230.43,January,2020,$289.39
Freestone,1036,2349,340,797,936,83,193,"$253,774.00",$244.96,January,2020,$307.64
Gillespie,487,1147,166,440,405,31,105,"$110,811.00",$227.54,January,2020,$285.76
Hays,5728,13851,2242,5225,5236,378,770,"$1,524,419.00",$266.13,January,2020,$334.22
Lampasas,1063,2406,320,764,1053,98,171,"$258,673.00",$243.34,January,2020,$305.60
Lee,737,1691,278,613,633,60,107,"$174,113.00",$236.25,January,2020,$296.70
Limestone,1516,3340,476,1139,1353,125,247,"$350,356.00",$231.11,January,2020,$290.24
Llano,841,1826,271,550,711,98,196,"$185,529.00",$220.61,January,2020,$277.06
McLennan,14524,32999,5367,11623,12960,1190,1859,"$3,579,887.00",$246.48,January,2020,$309.54
Milam,1638,3641,465,1259,1424,182,311,"$386,083.00",$235.70,January,2020,$296.01
Mills,165,370,55,108,164,15,28,"$39,814.00",$241.30,January,2020,$303.04
San Saba,310,687,90,235,258,32,72,"$70,834.00",$228.50,January,2020,$286.96
Travis,40106,86460,14544,32480,30812,2933,5691,"$10,069,972.00",$251.08,January,2020,$315.32
Williamson,10744,26054,4251,9717,9551,674,1861,"$2,832,771.00",$263.66,January,2020,$331.12
Bastrop,4093,9666,1577,3844,3374,355,516,"$1,088,453.00",$265.93,February,2020,$333.06
Bell,21536,51705,8227,18519,21122,1560,2277,"$5,783,700.00",$268.56,February,2020,$336.35
Blanco,240,481,70,152,172,26,61,"$50,595.00",$210.81,February,2020,$264.02
Burnet,1598,3622,545,1263,1353,166,295,"$383,300.00",$239.86,February,2020,$300.41
Caldwell,2279,5513,895,2135,1920,199,364,"$609,490.00",$267.44,February,2020,$334.95
Coryell,3339,7956,1233,2732,3334,281,376,"$844,487.00",$252.92,February,2020,$316.76
Falls,1235,2566,389,793,1010,135,239,"$274,070.00",$221.92,February,2020,$277.94
Fayette,765,1678,280,565,615,62,156,"$175,741.00",$229.73,February,2020,$287.72
Freestone,1024,2311,333,775,928,76,199,"$253,055.00",$247.12,February,2020,$309.50
Gillespie,483,1148,172,437,407,30,102,"$109,715.00",$227.15,February,2020,$284.49
Hays,5655,13667,2229,5138,5146,378,776,"$1,519,140.00",$268.64,February,2020,$336.45
Lampasas,1035,2328,312,723,1020,103,170,"$251,435.00",$242.93,February,2020,$304.25
Lee,751,1731,283,638,642,63,105,"$178,352.00",$237.49,February,2020,$297.44
Limestone,1499,3275,456,1109,1331,127,252,"$350,256.00",$233.66,February,2020,$292.64
Llano,844,1831,262,563,718,95,193,"$184,853.00",$219.02,February,2020,$274.31
McLennan,14478,32890,5390,11521,12926,1180,1873,"$3,600,305.00",$248.67,February,2020,$311.44
Milam,1640,3636,467,1258,1410,184,317,"$387,773.00",$236.45,February,2020,$296.14
Mills,163,366,57,106,160,15,28,"$39,274.00",$240.94,February,2020,$301.76
San Saba,310,686,89,230,263,30,74,"$72,423.00",$233.62,February,2020,$292.59
Travis,39784,85490,14371,32013,30482,2926,5698,"$10,049,207.00",$252.59,February,2020,$316.35
Williamson,10663,25819,4186,9603,9501,656,1873,"$2,818,381.00",$264.31,February,2020,$331.03
Bastrop,4143,9753,1591,3883,3391,370,518,"$1,089,046.00",$262.86,March,2020,$329.93
Bell,21383,51218,8106,18355,20933,1543,2281,"$5,716,592.00",$267.34,March,2020,$335.55
Blanco,234,484,73,149,177,25,60,"$49,599.00",$211.96,March,2020,$266.04
Burnet,1561,3503,520,1208,1314,167,294,"$370,573.00",$237.39,March,2020,$297.96
Caldwell,2304,5547,907,2120,1948,200,372,"$611,649.00",$265.47,March,2020,$333.21
Coryell,3338,7922,1201,2745,3313,292,371,"$840,128.00",$251.69,March,2020,$315.91
Falls,1237,2550,375,788,1019,134,234,"$272,804.00",$220.54,March,2020,$276.81
Fayette,764,1668,265,572,609,65,157,"$175,347.00",$229.51,March,2020,$288.07
Freestone,989,2210,321,734,877,82,196,"$243,053.00",$245.76,March,2020,$308.47
Gillespie,486,1159,170,444,411,33,101,"$111,350.00",$229.12,March,2020,$287.58
Hays,5745,13931,2272,5226,5277,388,768,"$1,521,687.00",$264.87,March,2020,$332.45
Lampasas,1033,2324,309,725,1019,101,170,"$247,293.00",$239.39,March,2020,$300.47
Lee,746,1701,269,627,634,67,104,"$177,188.00",$237.52,March,2020,$298.13
Limestone,1513,3323,466,1125,1347,130,255,"$355,583.00",$235.02,March,2020,$294.99
Llano,836,1798,252,548,712,89,197,"$183,749.00",$219.80,March,2020,$275.88
McLennan,14517,32961,5319,11605,12988,1182,1867,"$3,593,161.00",$247.51,March,2020,$310.67
Milam,1652,3641,463,1244,1438,181,315,"$390,508.00",$236.38,March,2020,$296.70
Mills,163,359,57,103,155,16,28,"$38,235.00",$234.57,March,2020,$294.42
San Saba,319,708,93,237,276,30,72,"$75,407.00",$236.39,March,2020,$296.71
Travis,39983,85722,14301,32069,30729,2956,5667,"$10,023,089.00",$250.68,March,2020,$314.64
Williamson,10806,26069,4183,9664,9684,650,1888,"$2,830,457.00",$261.93,March,2020,$328.76
Bastrop,4689,11035,1765,4363,3971,383,553,"$1,258,363.00",$268.36,April ,2020,$339.10
Bell,23736,56091,8608,19840,23661,1621,2361,"$6,362,305.00",$268.04,April ,2020,$338.70
Blanco,262,538,77,163,211,28,59,"$59,325.00",$226.43,April ,2020,$286.12
Burnet,1741,3898,556,1334,1521,178,309,"$422,832.00",$242.87,April ,2020,$306.89
Caldwell,2557,6124,985,2333,2216,206,384,"$685,793.00",$268.20,April ,2020,$338.90
Coryell,3676,8638,1287,2938,3730,301,382,"$938,809.00",$255.39,April ,2020,$322.71
Falls,1336,2721,388,833,1121,140,239,"$294,175.00",$220.19,April ,2020,$278.23
Fayette,848,1873,282,647,715,71,158,"$200,714.00",$236.69,April ,2020,$299.08
Freestone,1103,2449,343,808,1017,84,197,"$270,427.00",$245.17,April ,2020,$309.80
Gillespie,574,1352,193,502,518,35,104,"$135,210.00",$235.56,April ,2020,$297.66
Hays,6757,15969,2512,5848,6424,407,778,"$1,817,562.00",$268.99,April ,2020,$339.90
Lampasas,1104,2465,316,769,1097,108,175,"$268,560.00",$243.26,April ,2020,$307.39
Lee,825,1836,289,656,711,70,110,"$193,641.00",$234.72,April ,2020,$296.59
Limestone,1613,3538,488,1198,1466,134,252,"$380,834.00",$236.10,April ,2020,$298.34
Llano,908,1944,270,580,799,93,202,"$199,300.00",$219.49,April ,2020,$277.35
McLennan,16116,36132,5640,12555,14785,1221,1931,"$4,012,709.00",$248.99,April ,2020,$314.63
Milam,1801,3975,494,1360,1610,195,316,"$423,254.00",$235.01,April ,2020,$296.96
Mills,174,393,61,115,174,18,25,"$41,699.00",$239.65,April ,2020,$302.82
San Saba,334,733,96,239,289,33,76,"$79,072.00",$236.74,April ,2020,$299.15
Travis,46079,96602,15500,35182,36971,3150,5799,"$11,566,344.00",$251.01,April ,2020,$317.18
Williamson,12642,30075,4641,10960,11811,723,1940,"$3,403,117.00",$269.19,April ,2020,$340.15
Bastrop,4944,11631,1829,4607,4216,408,571,"$1,361,328.00",$275.35,May,2020,$347.93
Bell,24771,58292,8798,20528,24842,1684,2440,"$6,714,393.00",$271.06,May,2020,$342.51
Blanco,274,571,82,170,225,29,65,"$62,059.00",$226.49,May,2020,$286.19
Burnet,1826,4083,581,1391,1615,178,318,"$449,878.00",$246.37,May,2020,$311.31
Caldwell,2678,6431,1013,2464,2348,214,392,"$728,120.00",$271.89,May,2020,$343.56
Coryell,3834,9042,1338,3096,3907,308,393,"$998,107.00",$260.33,May,2020,$328.95
Falls,1388,2863,403,897,1170,145,248,"$310,953.00",$224.03,May,2020,$283.08
Fayette,887,1931,289,653,748,73,168,"$209,860.00",$236.60,May,2020,$298.96
Freestone,1157,2554,360,837,1068,86,203,"$289,787.00",$250.46,May,2020,$316.48
Gillespie,602,1421,198,525,555,38,105,"$147,522.00",$245.05,May,2020,$309.64
Hays,7095,16719,2605,6097,6796,422,799,"$1,949,631.00",$274.79,May,2020,$347.22
Lampasas,1153,2559,316,799,1162,106,176,"$279,917.00",$242.77,May,2020,$306.76
Lee,880,1973,316,696,769,75,117,"$209,377.00",$237.93,May,2020,$300.65
Limestone,1727,3765,506,1279,1570,140,270,"$411,244.00",$238.13,May,2020,$300.90
Llano,945,1995,278,584,833,94,206,"$211,756.00",$224.08,May,2020,$283.14
McLennan,16822,37756,5858,13082,15548,1283,1985,"$4,257,179.00",$253.07,May,2020,$319.78
Milam,1907,4213,522,1439,1727,200,325,"$462,326.00",$242.44,May,2020,$306.34
Mills,181,407,62,117,182,21,25,"$43,929.00",$242.70,May,2020,$306.67
San Saba,346,764,100,251,302,33,78,"$83,458.00",$241.21,May,2020,$304.79
Travis,48395,101093,15954,36862,39032,3282,5963,"$12,433,092.00",$256.91,May,2020,$324.63
Williamson,13259,31449,4803,11427,12469,758,1992,"$3,661,183.00",$276.13,May,2020,$348.91
Bastrop,5061,11864,1834,4719,4314,407,590,"$1,399,072.00",$276.44,June,2020,$347.40
Bell,24909,58410,8725,20529,24972,1703,2481,"$6,745,815.00",$270.82,June,2020,$340.34
Blanco,279,563,75,164,227,28,69,"$61,295.00",$219.70,June,2020,$276.10
Burnet,1865,4165,595,1409,1659,181,321,"$462,662.00",$248.08,June,2020,$311.76
Caldwell,2752,6601,1044,2536,2422,208,391,"$758,001.00",$275.44,June,2020,$346.15
Coryell,3879,9202,1357,3165,3977,307,396,"$1,018,396.00",$262.54,June,2020,$329.94
Falls,1400,2857,393,892,1177,148,247,"$308,394.00",$220.28,June,2020,$276.83
Fayette,918,2014,300,684,780,77,173,"$217,796.00",$237.25,June,2020,$298.15
Freestone,1174,2568,352,842,1078,91,205,"$292,998.00",$249.57,June,2020,$313.64
Gillespie,604,1439,213,518,558,39,111,"$151,625.00",$251.03,June,2020,$315.47
Hays,7135,16685,2560,6085,6787,438,815,"$1,955,553.00",$274.08,June,2020,$344.44
Lampasas,1175,2573,319,781,1185,109,179,"$284,579.00",$242.19,June,2020,$304.36
Lee,897,2012,316,711,796,74,115,"$215,848.00",$240.63,June,2020,$302.40
Limestone,1775,3863,519,1301,1625,143,275,"$420,437.00",$236.87,June,2020,$297.68
Llano,970,2036,267,600,862,98,209,"$218,653.00",$225.42,June,2020,$283.29
McLennan,17004,37930,5831,13056,15724,1297,2022,"$4,310,355.00",$253.49,June,2020,$318.56
Milam,1912,4226,527,1444,1727,202,326,"$465,035.00",$243.22,June,2020,$305.66
Mills,188,416,57,125,186,21,27,"$44,473.00",$236.56,June,2020,$297.29
San Saba,355,785,101,259,312,33,80,"$86,394.00",$243.36,June,2020,$305.83
Travis,48813,101809,15877,37340,39236,3296,6060,"$12,619,236.00",$258.52,June,2020,$324.88
Williamson,13381,31703,4800,11563,12536,780,2024,"$3,709,498.00",$277.22,June,2020,$348.39
Bastrop,5119,11962,1833,4774,4338,420,597,"$1,409,795.00",$275.40,July,2020,$344.36
Bell,24816,57968,8513,20391,24822,1745,2497,"$6,673,275.00",$268.91,July,2020,$336.24
Blanco,283,557,78,152,228,28,71,"$59,758.00",$211.16,July,2020,$264.03
Burnet,1887,4183,574,1427,1672,189,321,"$462,711.00",$245.21,July,2020,$306.61
Caldwell,2799,6675,1039,2567,2459,213,397,"$764,949.00",$273.29,July,2020,$341.72
Coryell,3909,9252,1342,3203,3993,311,403,"$1,014,383.00",$259.50,July,2020,$324.47
Falls,1422,2912,406,903,1199,147,257,"$315,738.00",$222.04,July,2020,$277.64
Fayette,920,2002,292,681,781,73,175,"$214,644.00",$233.31,July,2020,$291.73
Freestone,1192,2594,345,842,1100,98,209,"$290,833.00",$243.99,July,2020,$305.08
Gillespie,615,1441,205,521,560,40,115,"$150,927.00",$245.41,July,2020,$306.86
Hays,7098,16591,2554,6042,6728,437,830,"$1,939,390.00",$273.23,July,2020,$341.64
Lampasas,1192,2615,334,784,1210,107,180,"$288,655.00",$242.16,July,2020,$302.79
Lee,925,2044,314,717,816,77,120,"$220,740.00",$238.64,July,2020,$298.39
Limestone,1793,3878,508,1314,1631,145,280,"$421,487.00",$235.07,July,2020,$293.93
Llano,980,2048,262,604,871,101,210,"$218,196.00",$222.65,July,2020,$278.40
McLennan,17030,37721,5709,12954,15671,1326,2061,"$4,261,973.00",$250.26,July,2020,$312.92
Milam,1930,4236,514,1442,1743,203,334,"$464,234.00",$240.54,July,2020,$300.77
Mills,191,420,57,128,186,20,29,"$45,632.00",$238.91,July,2020,$298.73
San Saba,371,819,104,271,333,30,81,"$88,401.00",$238.28,July,2020,$297.94
Travis,48789,101136,15627,36968,39038,3346,6157,"$12,498,524.00",$256.18,July,2020,$320.32
Williamson,13415,31636,4717,11570,12526,788,2035,"$3,697,109.00",$275.60,July,2020,$344.61
Bastrop,5160,12048,1842,4808,4373,422,603,"$1,411,645.00",$273.57,August,2020,$340.99
Bell,24983,58115,8453,20372,24990,1760,2540,"$6,642,423.00",$265.88,August,2020,$331.41
Blanco,285,549,78,144,228,28,71,"$57,855.00",$203.00,August,2020,$253.03
Burnet,1907,4210,571,1437,1684,190,328,"$467,643.00",$245.22,August,2020,$305.66
Caldwell,2823,6715,1034,2568,2482,225,406,"$764,661.00",$270.87,August,2020,$337.63
Coryell,3926,9259,1338,3200,3999,313,409,"$1,011,321.00",$257.60,August,2020,$321.09
Falls,1441,2983,415,936,1231,146,255,"$321,730.00",$223.27,August,2020,$278.30
Fayette,947,2070,303,698,809,78,182,"$220,794.00",$233.15,August,2020,$290.61
Freestone,1210,2613,332,854,1116,96,215,"$292,509.00",$241.74,August,2020,$301.32
Gillespie,625,1470,214,530,564,44,118,"$156,749.00",$250.80,August,2020,$312.61
Hays,7214,16723,2545,6084,6803,442,849,"$1,942,791.00",$269.31,August,2020,$335.68
Lampasas,1185,2589,324,773,1196,112,184,"$284,273.00",$239.89,August,2020,$299.01
Lee,925,2068,316,732,821,77,122,"$220,104.00",$237.95,August,2020,$296.59
Limestone,1819,3967,534,1338,1651,152,292,"$422,260.00",$232.14,August,2020,$289.35
Llano,1003,2111,276,622,901,98,214,"$222,164.00",$221.50,August,2020,$276.09
McLennan,17184,37932,5626,13057,15781,1348,2120,"$4,253,927.00",$247.55,August,2020,$308.56
Milam,1946,4257,514,1429,1775,193,346,"$460,242.00",$236.51,August,2020,$294.80
Mills,196,427,59,126,192,20,30,"$45,251.00",$230.87,August,2020,$287.77
San Saba,380,826,102,267,343,33,81,"$91,009.00",$239.50,August,2020,$298.53
Travis,49112,101773,15526,37290,39349,3379,6229,"$12,486,504.00",$254.25,August,2020,$316.91
Williamson,13547,31928,4694,11692,12681,791,2070,"$3,710,457.00",$273.90,August,2020,$341.40
Bastrop,5216,12245,1865,4903,4434,431,612,"$1,441,267.00",$276.32,September,2020,$343.94
Bell,25245,58806,8588,20584,25284,1788,2562,"$6,721,187.00",$266.24,September,2020,$331.39
Blanco,290,553,75,147,226,29,76,"$59,313.00",$204.53,September,2020,$254.58
Burnet,1932,4278,580,1458,1717,193,330,"$474,368.00",$245.53,September,2020,$305.62
Caldwell,2851,6747,1041,2544,2526,229,407,"$778,942.00",$273.22,September,2020,$340.08
Coryell,3994,9415,1358,3242,4083,317,415,"$1,030,083.00",$257.91,September,2020,$321.03
Falls,1469,3041,420,954,1258,148,261,"$329,894.00",$224.57,September,2020,$279.53
Fayette,967,2110,298,716,827,78,191,"$225,499.00",$233.19,September,2020,$290.26
Freestone,1230,2653,343,864,1137,95,214,"$301,619.00",$245.22,September,2020,$305.23
Gillespie,635,1512,218,555,573,44,122,"$160,803.00",$253.23,September,2020,$315.20
Hays,7337,17102,2579,6257,6957,448,861,"$1,981,046.00",$270.01,September,2020,$336.09
Lampasas,1214,2688,338,814,1235,114,187,"$295,254.00",$243.21,September,2020,$302.73
Lee,931,2071,313,736,818,81,123,"$219,329.00",$235.58,September,2020,$293.23
Limestone,1858,4050,545,1364,1697,154,290,"$437,724.00",$235.59,September,2020,$293.24
Llano,1031,2158,273,637,923,104,221,"$228,341.00",$221.48,September,2020,$275.68
McLennan,17488,38522,5696,13194,16119,1346,2167,"$4,328,772.00",$247.53,September,2020,$308.11
Milam,1949,4250,503,1446,1758,197,346,"$461,016.00",$236.54,September,2020,$294.43
Mills,194,430,61,129,192,17,31,"$45,906.00",$236.63,September,2020,$294.54
San Saba,387,845,104,274,353,35,79,"$91,784.00",$237.17,September,2020,$295.21
Travis,49751,103178,15674,37829,39995,3414,6266,"$12,709,791.00",$255.47,September,2020,$317.99
Williamson,13835,32763,4814,12026,13017,818,2088,"$3,794,093.00",$274.24,September,2020,$341.35
Bastrop,5038,11850,1790,4767,4258,422,613,"$1,395,858.00",$277.07,October,2020,$344.73
Bell,24325,57112,8461,20112,24301,1731,2507,"$6,560,696.00",$269.71,October,2020,$335.57
Blanco,266,498,70,132,197,27,72,"$52,834.00",$198.62,October,2020,$247.12
Burnet,1875,4207,581,1439,1674,188,325,"$459,602.00",$245.12,October,2020,$304.98
Caldwell,2774,6565,1003,2470,2472,216,404,"$764,378.00",$275.55,October,2020,$342.84
Coryell,3875,9189,1327,3181,3953,313,415,"$1,007,465.00",$259.99,October,2020,$323.48
Falls,1414,2925,409,908,1205,141,262,"$316,767.00",$224.02,October,2020,$278.73
Fayette,925,2041,295,695,783,76,192,"$218,815.00",$236.56,October,2020,$294.33
Freestone,1189,2574,316,867,1091,91,209,"$287,349.00",$241.67,October,2020,$300.69
Gillespie,608,1476,219,546,544,45,122,"$152,970.00",$251.60,October,2020,$313.04
Hays,7029,16530,2530,6092,6623,441,844,"$1,906,945.00",$271.30,October,2020,$337.55
Lampasas,1187,2626,334,794,1193,117,188,"$295,056.00",$248.57,October,2020,$309.27
Lee,904,2024,312,723,786,79,124,"$218,412.00",$241.61,October,2020,$300.61
Limestone,1804,3924,534,1309,1641,158,282,"$429,506.00",$238.09,October,2020,$296.23
Llano,1021,2155,277,630,919,109,220,"$232,821.00",$228.03,October,2020,$283.72
McLennan,16926,37505,5575,12921,15567,1316,2126,"$4,217,070.00",$249.15,October,2020,$309.99
Milam,1913,4188,496,1421,1726,198,347,"$453,482.00",$237.05,October,2020,$294.94
Mills,194,425,59,131,188,16,31,"$46,836.00",$241.42,October,2020,$300.38
San Saba,363,780,95,252,327,29,77,"$88,921.00",$244.96,October,2020,$304.78
Travis,47683,99541,15277,36747,38031,3333,6153,"$12,237,181.00",$256.64,October,2020,$319.31
Williamson,13280,31733,4713,11711,12460,784,2065,"$3,633,200.00",$273.58,October,2020,$340.39
Bastrop,4831,11319,1730,4496,4093,396,604,"$1,355,130.00",$280.51,November,2020,$349.23
Bell,23593,55323,8156,19526,23449,1702,2490,"$6,436,900.00",$272.83,November,2020,$339.66
Blanco,247,451,64,114,182,23,68,"$50,619.00",$204.94,November,2020,$255.14
Burnet,1805,4057,554,1388,1604,185,326,"$456,137.00",$252.71,November,2020,$314.62
Caldwell,2650,6262,970,2356,2336,209,391,"$743,382.00",$280.52,November,2020,$349.24
Coryell,3738,8839,1280,3043,3795,309,412,"$984,204.00",$263.30,November,2020,$327.80
Falls,1383,2920,410,933,1182,137,258,"$313,706.00",$226.83,November,2020,$282.40
Fayette,916,2013,288,682,776,77,190,"$215,255.00",$234.99,November,2020,$292.55
Freestone,1164,2529,317,842,1071,96,203,"$283,562.00",$243.61,November,2020,$303.29
Gillespie,582,1398,206,509,518,44,121,"$146,765.00",$252.17,November,2020,$313.94
Hays,6780,15879,2432,5840,6358,426,823,"$1,868,168.00",$275.54,November,2020,$343.04
Lampasas,1143,2510,323,749,1150,117,171,"$287,295.00",$251.35,November,2020,$312.92
Lee,874,1974,310,706,762,79,117,"$220,447.00",$252.23,November,2020,$314.02
Limestone,1761,3848,526,1296,1599,161,266,"$419,517.00",$238.23,November,2020,$296.59
Llano,1001,2111,260,622,903,103,223,"$229,213.00",$228.98,November,2020,$285.07
McLennan,16389,36146,5386,12377,15008,1278,2097,"$4,111,647.00",$250.88,November,2020,$312.34
Milam,1881,4055,460,1370,1680,194,351,"$441,087.00",$234.50,November,2020,$291.94
Mills,184,397,50,125,174,18,30,"$44,197.00",$240.20,November,2020,$299.04
San Saba,353,764,85,259,311,30,79,"$89,312.00",$253.01,November,2020,$314.99
Travis,45814,95261,14444,34932,36579,3257,6049,"$11,886,742.00",$259.46,November,2020,$323.02
Williamson,12768,30449,4509,11206,11935,776,2023,"$3,541,305.00",$277.36,November,2020,$345.30
Bastrop,4780,11164,1708,4394,4059,397,606,"$1,327,552.00",$277.73,December,2020,$345.44
Bell,23292,54634,7996,19352,23124,1671,2491,"$6,281,765.00",$269.70,December,2020,$335.45
Blanco,247,465,66,125,184,24,66,"$50,195.00",$203.22,December,2020,$252.76
Burnet,1754,3886,517,1319,1548,180,322,"$433,990.00",$247.43,December,2020,$307.75
Caldwell,2601,6160,942,2314,2308,203,393,"$715,254.00",$274.99,December,2020,$342.03
Coryell,3710,8817,1277,3045,3776,307,412,"$967,671.00",$260.83,December,2020,$324.42
Falls,1349,2846,402,906,1143,130,265,"$304,150.00",$225.46,December,2020,$280.43
Fayette,902,1974,266,683,768,70,187,"$206,984.00",$229.47,December,2020,$285.41
Freestone,1156,2503,318,834,1048,98,205,"$279,285.00",$241.60,December,2020,$300.50
Gillespie,569,1358,201,486,509,41,121,"$140,794.00",$247.44,December,2020,$307.76
Hays,6634,15527,2355,5730,6208,416,818,"$1,808,689.00",$272.64,December,2020,$339.11
Lampasas,1118,2467,323,745,1109,117,173,"$279,752.00",$250.23,December,2020,$311.23
Lee,881,1994,306,722,765,81,120,"$218,834.00",$248.39,December,2020,$308.95
Limestone,1739,3783,496,1283,1581,159,264,"$405,165.00",$232.99,December,2020,$289.79
Llano,972,2017,250,584,858,104,221,"$221,196.00",$227.57,December,2020,$283.05
McLennan,16162,35651,5283,12255,14748,1294,2071,"$4,007,938.00",$247.99,December,2020,$308.45
Milam,1855,3987,448,1335,1661,195,348,"$431,920.00",$232.84,December,2020,$289.60
Mills,173,381,48,121,164,17,31,"$41,199.00",$238.14,December,2020,$296.20
San Saba,344,744,82,248,305,28,81,"$84,587.00",$245.89,December,2020,$305.84
Travis,45142,93797,14175,34286,36171,3178,5987,"$11,583,367.00",$256.60,December,2020,$319.16
Williamson,12618,30021,4418,11039,11774,776,2014,"$3,455,408.00",$273.85,December,2020,$340.61
Bastrop,4602,10768,1662,4290,3829,390,597,"$1,264,783.00",$274.83,January,2021,$340.38
Bell,22442,52629,7673,18680,22196,1629,2451,"$5,970,037.00",$266.02,January,2021,$329.47
Blanco,244,464,64,121,192,21,66,"$51,153.00",$209.64,January,2021,$259.64
Burnet,1689,3760,504,1280,1485,172,319,"$414,814.00",$245.60,January,2021,$304.18
Caldwell,2465,5863,896,2206,2184,198,379,"$674,923.00",$273.80,January,2021,$339.11
Coryell,3572,8517,1241,2942,3634,295,405,"$921,784.00",$258.06,January,2021,$319.61
Falls,1309,2774,392,890,1103,127,262,"$291,268.00",$222.51,January,2021,$275.58
Fayette,852,1853,256,628,713,72,184,"$190,743.00",$223.88,January,2021,$277.28
Freestone,1113,2413,310,798,1015,91,199,"$265,338.00",$238.40,January,2021,$295.26
Gillespie,542,1279,202,442,479,38,118,"$127,055.00",$234.42,January,2021,$290.34
Hays,6321,14882,2256,5513,5924,393,796,"$1,708,445.00",$270.28,January,2021,$334.75
Lampasas,1080,2372,308,719,1061,110,174,"$264,683.00",$245.08,January,2021,$303.54
Lee,836,1929,303,713,714,77,122,"$211,236.00",$252.67,January,2021,$312.94
Limestone,1661,3600,481,1213,1497,158,251,"$381,721.00",$229.81,January,2021,$284.63
Llano,932,1933,233,569,808,104,219,"$205,700.00",$220.71,January,2021,$273.35
McLennan,15404,34092,5046,11822,13934,1244,2046,"$3,768,538.00",$244.65,January,2021,$303.01
Milam,1803,3857,422,1288,1605,196,346,"$415,138.00",$230.25,January,2021,$285.17
Mills,161,351,44,109,151,18,29,"$37,390.00",$232.24,January,2021,$287.64
San Saba,319,692,80,224,285,27,76,"$78,310.00",$245.49,January,2021,$304.05
Travis,43078,89865,13616,33032,34319,3069,5829,"$10,973,978.00",$254.75,January,2021,$315.51
Williamson,11999,28628,4257,10544,11093,757,1977,"$3,251,912.00",$271.02,January,2021,$335.67
Bastrop,4470,10496,1623,4194,3715,368,596,"$1,452,786.00",$325.01,February ,2021,$400.34
Bell,21720,50787,7333,18058,21389,1594,2413,"$6,764,981.00",$311.46,February ,2021,$383.65
Blanco,228,441,56,121,177,23,64,"$56,978.00",$249.90,February ,2021,$307.82
Burnet,1607,3589,491,1222,1398,163,315,"$465,695.00",$289.79,February ,2021,$356.96
Caldwell,2415,5691,862,2147,2112,200,370,"$772,059.00",$319.69,February ,2021,$393.79
Coryell,3449,8260,1176,2878,3526,285,395,"$1,056,338.00",$306.27,February ,2021,$377.26
Falls,1271,2699,388,872,1059,123,257,"$335,615.00",$264.06,February ,2021,$325.26
Fayette,825,1784,257,593,692,65,177,"$224,654.00",$272.31,February ,2021,$335.43
Freestone,1064,2306,293,773,960,85,195,"$297,060.00",$279.19,February ,2021,$343.90
Gillespie,535,1261,195,440,471,38,117,"$146,464.00",$273.76,February ,2021,$337.21
Hays,6118,14425,2171,5365,5719,393,777,"$1,953,280.00",$319.27,February ,2021,$393.27
Lampasas,1050,2295,290,701,1025,105,174,"$308,565.00",$293.87,February ,2021,$361.98
Lee,832,1895,299,686,709,82,119,"$244,229.00",$293.54,February ,2021,$361.58
Limestone,1599,3479,449,1191,1441,152,246,"$435,152.00",$272.14,February ,2021,$335.22
Llano,904,1883,226,560,779,106,212,"$240,351.00",$265.88,February ,2021,$327.51
McLennan,15007,33256,4885,11580,13548,1230,2013,"$4,338,504.00",$289.10,February ,2021,$356.11
Milam,1754,3749,410,1243,1559,197,340,"$475,417.00",$271.05,February ,2021,$333.87
Mills,166,364,44,115,157,19,29,"$46,701.00",$281.33,February ,2021,$346.54
San Saba,303,651,75,207,265,27,77,"$88,202.00",$291.10,February ,2021,$358.57
Travis,41691,87113,13242,32017,33147,2980,5727,"$12,433,990.00",$298.24,February ,2021,$367.37
Williamson,11539,27518,4042,10146,10666,728,1936,"$3,661,122.00",$317.28,February ,2021,$390.82
Bastrop,4381,10298,1581,4130,3627,372,588,"$1,413,272.00",$322.59,March,2021,$394.57
Bell,21109,49408,7093,17716,20653,1563,2383,"$6,485,164.00",$307.22,March,2021,$375.77
Blanco,225,431,58,113,176,20,64,"$54,929.00",$244.13,March,2021,$298.60
Burnet,1546,3402,454,1156,1324,161,307,"$430,835.00",$278.68,March,2021,$340.86
Caldwell,2384,5642,863,2141,2060,201,377,"$758,789.00",$318.28,March,2021,$389.29
Coryell,3383,8106,1166,2815,3459,272,394,"$1,023,455.00",$302.53,March,2021,$370.03
Falls,1273,2721,387,899,1050,121,264,"$338,220.00",$265.69,March,2021,$324.97
Fayette,819,1796,252,618,683,65,178,"$220,515.00",$269.25,March,2021,$329.32
Freestone,1063,2329,318,779,953,88,191,"$297,592.00",$279.95,March,2021,$342.41
Gillespie,497,1160,170,414,422,38,116,"$134,879.00",$271.39,March,2021,$331.94
Hays,5872,13881,2084,5200,5436,366,795,"$1,853,940.00",$315.73,March,2021,$386.18
Lampasas,1024,2237,289,679,993,107,169,"$293,748.00",$286.86,March,2021,$350.86
Lee,819,1869,297,674,701,82,115,"$236,769.00",$289.10,March,2021,$353.60
Limestone,1571,3409,444,1156,1416,148,245,"$425,893.00",$271.10,March,2021,$331.59
Llano,869,1816,228,537,748,97,206,"$226,389.00",$260.52,March,2021,$318.65
McLennan,14722,32602,4786,11368,13203,1237,2008,"$4,218,796.00",$286.56,March,2021,$350.50
Milam,1726,3682,396,1222,1527,196,341,"$458,497.00",$265.64,March,2021,$324.91
Mills,161,343,38,104,156,18,27,"$42,123.00",$261.63,March,2021,$320.00
San Saba,296,633,74,200,258,26,75,"$82,002.00",$277.03,March,2021,$338.84
Travis,40537,84704,12792,31314,31969,2944,5685,"$11,954,460.00",$294.90,March,2021,$360.70
Williamson,11070,26331,3861,9744,10097,703,1926,"$3,423,753.00",$309.28,March,2021,$378.29
Bastrop,4585,10777,1641,4347,3790,383,616,"$1,490,590.00",$325.10,April ,2021,$394.39
Bell,21900,51260,7314,18399,21442,1634,2471,"$6,794,721.00",$310.26,April ,2021,$376.39
Blanco,246,472,63,130,190,23,66,"$59,649.00",$242.48,April ,2021,$294.16
Burnet,1621,3564,478,1204,1394,172,316,"$460,446.00",$284.05,April ,2021,$344.59
Caldwell,2487,5916,900,2261,2154,211,390,"$798,382.00",$321.02,April ,2021,$389.44
Coryell,3509,8420,1202,2940,3587,282,409,"$1,074,366.00",$306.17,April ,2021,$371.43
Falls,1324,2803,387,925,1098,123,270,"$352,675.00",$266.37,April ,2021,$323.15
Fayette,856,1857,262,635,705,76,179,"$234,868.00",$274.38,April ,2021,$332.86
Freestone,1103,2417,329,807,990,93,198,"$312,742.00",$283.54,April ,2021,$343.98
Gillespie,510,1199,172,438,431,39,119,"$140,829.00",$276.14,April ,2021,$335.00
Hays,6204,14548,2155,5420,5749,397,827,"$1,958,094.00",$315.62,April ,2021,$382.89
Lampasas,1063,2334,289,737,1027,111,170,"$309,427.00",$291.09,April ,2021,$353.14
Lee,846,1946,302,716,725,85,118,"$254,884.00",$301.28,April ,2021,$365.50
Limestone,1621,3519,453,1196,1464,149,257,"$440,651.00",$271.84,April ,2021,$329.78
Llano,914,1908,248,547,798,100,215,"$238,296.00",$260.72,April ,2021,$316.29
McLennan,15352,33929,4980,11784,13806,1289,2070,"$4,435,973.00",$288.95,April ,2021,$350.54
Milam,1759,3785,420,1257,1555,203,350,"$481,370.00",$273.66,April ,2021,$331.99
Mills,167,352,38,108,158,18,30,"$45,002.00",$269.47,April ,2021,$326.91
San Saba,305,648,72,206,265,28,77,"$86,018.00",$282.03,April ,2021,$342.14
Travis,42560,88679,13328,32761,33633,3068,5889,"$12,629,563.00",$296.75,April ,2021,$360.00
Williamson,11578,27450,4000,10152,10579,722,1997,"$3,604,544.00",$311.33,April ,2021,$377.69
Bastrop,4496,10591,1640,4250,3716,382,603,"$1,455,138.00",$323.65,May ,2021,$389.51
Bell,21176,49627,7064,17871,20585,1644,2463,"$6,508,199.00",$307.34,May ,2021,$369.88
Blanco,240,460,61,130,177,27,65,"$58,705.00",$244.60,May ,2021,$294.38
Burnet,1595,3484,457,1175,1362,174,316,"$441,891.00",$277.05,May ,2021,$333.43
Caldwell,2444,5817,893,2216,2119,207,382,"$777,908.00",$318.29,May ,2021,$383.07
Coryell,3411,8202,1189,2841,3488,277,407,"$1,032,870.00",$302.81,May ,2021,$364.43
Falls,1301,2748,378,908,1069,124,269,"$346,192.00",$266.10,May ,2021,$320.25
Fayette,837,1799,250,613,680,76,180,"$226,525.00",$270.64,May ,2021,$325.71
Freestone,1065,2313,303,789,930,94,197,"$295,107.00",$277.10,May ,2021,$333.48
Gillespie,504,1156,164,410,423,40,119,"$135,843.00",$269.53,May ,2021,$324.38
Hays,6045,14078,2089,5210,5554,397,828,"$1,893,736.00",$313.27,May ,2021,$377.02
Lampasas,1054,2300,274,728,1019,104,175,"$306,032.00",$290.35,May ,2021,$349.44
Lee,814,1858,287,684,690,80,117,"$236,582.00",$290.64,May ,2021,$349.79
Limestone,1557,3371,429,1149,1389,149,255,"$416,173.00",$267.29,May ,2021,$321.69
Llano,883,1877,242,553,771,96,215,"$233,575.00",$264.52,May ,2021,$318.35
McLennan,15050,33103,4867,11424,13441,1292,2079,"$4,305,632.00",$286.09,May ,2021,$344.31
Milam,1730,3682,405,1222,1502,205,348,"$465,828.00",$269.26,May ,2021,$324.06
Mills,165,349,38,110,153,20,28,"$43,536.00",$263.85,May ,2021,$317.55
San Saba,301,632,73,195,260,28,76,"$82,446.00",$273.91,May ,2021,$329.65
Travis,41583,86147,12922,31687,32620,3056,5862,"$12,254,632.00",$294.70,May ,2021,$354.67
Williamson,11237,26639,3838,9908,10184,703,2006,"$3,488,863.00",$310.48,May ,2021,$373.66
Bastrop,4272,9938,1551,3947,3462,373,605,"$1,351,354.00",$316.33,June,2021,$377.20
Bell,19808,46065,6510,16547,19023,1586,2399,"$5,970,754.00",$301.43,June,2021,$359.43
Blanco,229,448,59,133,164,26,66,"$56,386.00",$246.23,June,2021,$293.61
Burnet,1467,3101,401,1000,1228,164,308,"$387,184.00",$263.93,June,2021,$314.71
Caldwell,2299,5404,832,2043,1951,199,379,"$713,924.00",$310.54,June,2021,$370.29
Coryell,3200,7563,1072,2601,3217,268,405,"$934,060.00",$291.89,June,2021,$348.06
Falls,1246,2591,362,833,1017,111,268,"$323,282.00",$259.46,June,2021,$309.38
Fayette,802,1715,233,585,654,69,174,"$212,882.00",$265.44,June,2021,$316.51
Freestone,1005,2132,290,698,852,94,198,"$266,333.00",$265.01,June,2021,$316.00
Gillespie,470,1032,143,353,379,39,118,"$119,732.00",$254.75,June,2021,$303.77
Hays,5615,12950,1949,4737,5058,394,812,"$1,708,962.00",$304.36,June,2021,$362.92
Lampasas,1011,2198,252,712,957,103,174,"$285,890.00",$282.78,June,2021,$337.19
Lee,739,1637,238,612,595,80,112,"$205,644.00",$278.27,June,2021,$331.82
Limestone,1479,3131,395,1044,1293,152,247,"$380,380.00",$257.19,June,2021,$306.68
Llano,832,1769,221,526,720,87,215,"$219,739.00",$264.11,June,2021,$314.93
McLennan,14258,30996,4484,10656,12542,1272,2042,"$3,985,139.00",$279.50,June,2021,$333.28
Milam,1638,3437,382,1108,1400,199,348,"$427,571.00",$261.03,June,2021,$311.26
Mills,150,317,34,101,140,17,25,"$38,456.00",$256.37,June,2021,$305.70
San Saba,295,614,68,186,256,28,76,"$77,914.00",$264.12,June,2021,$314.94
Travis,38688,79546,11864,29124,29867,2897,5794,"$11,136,667.00",$287.86,June,2021,$343.25
Williamson,10470,24581,3591,9023,9317,672,1978,"$3,158,565.00",$301.68,June,2021,$359.73
Bastrop,4183,9600,1479,3773,3365,365,618,"$1,311,483.00",$313.53,July,2021,$372.07
Bell,19638,45369,6398,16123,18828,1587,2433,"$5,842,944.00",$297.53,July,2021,$353.09
Blanco,218,407,49,113,155,24,66,"$50,974.00",$233.83,July,2021,$277.48
Burnet,1450,3067,395,1001,1196,160,315,"$376,298.00",$259.52,July,2021,$307.97
Caldwell,2277,5346,829,1991,1937,204,385,"$701,931.00",$308.27,July,2021,$365.83
Coryell,3180,7461,1049,2535,3203,273,401,"$907,408.00",$285.35,July,2021,$338.63
Falls,1244,2581,370,814,1020,115,262,"$319,189.00",$256.58,July,2021,$304.49
Fayette,818,1726,237,571,665,76,177,"$213,997.00",$261.61,July,2021,$310.46
Freestone,1024,2162,297,691,871,100,203,"$267,760.00",$261.48,July,2021,$310.31
Gillespie,462,1009,154,330,369,40,116,"$116,883.00",$252.99,July,2021,$300.23
Hays,5552,12743,1900,4644,5001,380,818,"$1,658,204.00",$298.67,July,2021,$354.44
Lampasas,995,2122,251,664,925,108,174,"$274,041.00",$275.42,July,2021,$326.84
Lee,744,1623,237,592,604,80,110,"$203,303.00",$273.26,July,2021,$324.28
Limestone,1494,3155,409,1034,1317,150,245,"$378,678.00",$253.47,July,2021,$300.79
Llano,809,1669,205,484,678,87,215,"$207,461.00",$256.44,July,2021,$304.32
McLennan,13985,30287,4387,10364,12211,1275,2050,"$3,860,623.00",$276.05,July,2021,$327.60
Milam,1632,3379,377,1070,1377,201,354,"$419,307.00",$256.93,July,2021,$304.90
Mills,145,294,29,89,136,16,24,"$36,257.00",$250.05,July,2021,$296.74
San Saba,293,605,64,180,253,30,78,"$75,166.00",$256.54,July,2021,$304.44
Travis,38414,78231,11678,28296,29524,2909,5824,"$10,896,057.00",$283.65,July,2021,$336.61
Williamson,10442,24386,3551,8883,9263,681,2008,"$3,106,239.00",$297.48,July,2021,$353.02
Bastrop,4194,9631,1480,3795,3361,373,622,"$1,320,954.00",$314.96,August,2021,$373.00
Bell,19800,45828,6509,16293,18955,1600,2471,"$5,919,966.00",$298.99,August,2021,$354.08
Blanco,231,440,61,114,171,26,68,"$53,447.00",$231.37,August,2021,$274.01
Burnet,1478,3150,424,1010,1238,166,312,"$388,348.00",$262.75,August,2021,$311.17
Caldwell,2253,5312,820,1993,1907,200,392,"$697,856.00",$309.75,August,2021,$366.82
Coryell,3206,7505,1064,2544,3207,284,406,"$923,310.00",$287.99,August,2021,$341.06
Falls,1241,2576,367,811,1016,118,264,"$324,564.00",$261.53,August,2021,$309.73
Fayette,815,1718,239,564,658,78,179,"$217,125.00",$266.41,August,2021,$315.50
Freestone,1012,2154,290,696,869,100,199,"$273,022.00",$269.78,August,2021,$319.50
Gillespie,471,1029,158,330,385,36,120,"$120,753.00",$256.38,August,2021,$303.62
Hays,5593,12875,1928,4694,5042,372,839,"$1,701,591.00",$304.24,August,2021,$360.30
Lampasas,999,2146,267,666,924,108,181,"$275,584.00",$275.86,August,2021,$326.69
Lee,754,1675,238,633,615,76,113,"$210,163.00",$278.73,August,2021,$330.09
Limestone,1513,3180,409,1045,1321,151,254,"$396,394.00",$261.99,August,2021,$310.27
Llano,815,1680,205,494,671,94,216,"$206,987.00",$253.97,August,2021,$300.77
McLennan,13987,30265,4389,10335,12199,1275,2067,"$3,873,652.00",$276.95,August,2021,$327.98
Milam,1633,3415,386,1098,1385,200,346,"$422,603.00",$258.79,August,2021,$306.48
Mills,155,321,39,96,142,17,27,"$37,018.00",$238.83,August,2021,$282.83
San Saba,295,630,67,200,253,30,80,"$75,253.00",$255.09,August,2021,$302.10
Travis,38372,78307,11752,28268,29426,2931,5930,"$10,982,745.00",$286.22,August,2021,$338.96
Williamson,10432,24261,3528,8774,9239,684,2036,"$3,145,545.00",$301.53,August,2021,$357.09
Bastrop,4196,9645,1484,3805,3356,370,630,"$1,316,171.00",$313.67,September ,2021,$370.47
Bell,19954,46584,6646,16723,19078,1620,2517,"$6,054,406.00",$303.42,September ,2021,$358.35
Blanco,246,476,62,127,187,29,71,"$55,878.00",$227.15,September ,2021,$268.27
Burnet,1487,3152,415,1018,1222,170,327,"$384,320.00",$258.45,September ,2021,$305.25
Caldwell,2275,5307,807,1988,1912,204,396,"$694,510.00",$305.28,September ,2021,$360.55
Coryell,3214,7631,1087,2639,3208,288,409,"$929,239.00",$289.12,September ,2021,$341.47
Falls,1264,2616,373,814,1034,121,274,"$322,365.00",$255.04,September ,2021,$301.21
Fayette,805,1713,246,561,651,67,188,"$219,761.00",$273.00,September ,2021,$322.42
Freestone,1014,2166,273,720,866,102,205,"$273,203.00",$269.43,September ,2021,$318.21
Gillespie,486,1065,163,343,393,42,124,"$124,981.00",$257.16,September ,2021,$303.72
Hays,5656,13016,1976,4737,5065,372,866,"$1,719,703.00",$304.05,September ,2021,$359.10
Lampasas,991,2116,253,660,917,109,177,"$272,079.00",$274.55,September ,2021,$324.26
Lee,742,1657,240,622,607,79,109,"$209,636.00",$282.53,September ,2021,$333.68
Limestone,1502,3182,403,1074,1297,148,260,"$397,018.00",$264.33,September ,2021,$312.18
Llano,827,1719,209,517,683,96,214,"$213,016.00",$257.58,September ,2021,$304.21
McLennan,14109,30718,4427,10601,12296,1294,2100,"$3,930,427.00",$278.58,September ,2021,$329.01
Milam,1648,3452,406,1102,1399,193,352,"$432,637.00",$262.52,September ,2021,$310.05
Mills,162,336,36,100,146,20,34,"$39,230.00",$242.16,September ,2021,$286.01
San Saba,289,612,64,196,240,28,84,"$72,507.00",$250.89,September ,2021,$296.31
Travis,38203,78134,11674,28314,29173,2955,6018,"$10,967,499.00",$287.08,September ,2021,$339.06
Williamson,10476,24425,3557,8892,9202,698,2076,"$3,182,954.00",$303.83,September ,2021,$358.84
Bastrop,4424,10276,1585,4094,3556,386,655,"$1,547,685.00",$349.84,October,2021,$409.77
Bell,20906,49427,7067,17907,20164,1695,2594,"$7,103,674.00",$339.79,October,2021,$398.01
Blanco,249,486,60,137,188,32,69,"$67,124.00",$269.57,October,2021,$315.76
Burnet,1550,3340,451,1092,1288,179,330,"$457,025.00",$294.85,October,2021,$345.37
Caldwell,2366,5611,869,2118,2002,213,409,"$812,800.00",$343.53,October,2021,$402.39
Coryell,3346,8101,1170,2850,3365,296,420,"$1,101,969.00",$329.34,October,2021,$385.76
Falls,1308,2731,386,866,1072,129,278,"$374,386.00",$286.23,October,2021,$335.27
Fayette,833,1776,249,586,679,71,191,"$251,195.00",$301.55,October,2021,$353.22
Freestone,1047,2252,288,765,896,101,202,"$318,220.00",$303.94,October,2021,$356.01
Gillespie,488,1086,170,353,392,46,125,"$145,154.00",$297.45,October,2021,$348.41
Hays,5994,13971,2120,5188,5380,388,895,"$2,044,218.00",$341.04,October,2021,$399.47
Lampasas,1030,2220,264,711,954,112,179,"$315,689.00",$306.49,October,2021,$359.00
Lee,786,1767,265,652,651,83,116,"$245,811.00",$312.74,October,2021,$366.32
Limestone,1569,3383,426,1163,1375,155,264,"$465,262.00",$296.53,October,2021,$347.34
Llano,861,1819,229,551,720,101,218,"$245,708.00",$285.38,October,2021,$334.27
McLennan,14786,32501,4736,11281,12963,1339,2182,"$4,636,474.00",$313.57,October,2021,$367.30
Milam,1699,3638,436,1191,1451,200,360,"$503,096.00",$296.11,October,2021,$346.84
Mills,176,365,40,108,162,22,33,"$50,555.00",$287.24,October,2021,$336.46
San Saba,306,672,74,222,260,29,87,"$86,239.00",$281.83,October,2021,$330.11
Travis,39883,82440,12427,30127,30611,3098,6177,"$12,826,003.00",$321.59,October,2021,$376.69
Williamson,10950,25768,3784,9442,9688,714,2140,"$3,736,433.00",$341.23,October,2021,$399.69
Bastrop,4569,10615,1640,4239,3680,395,661,"$1,616,159.00",$353.72,November,2021,$412.30
Bell,21457,50964,7269,18566,20754,1740,2635,"$7,399,730.00",$344.86,November,2021,$401.97
Blanco,259,507,67,144,196,30,70,"$71,630.00",$276.56,November,2021,$322.36
Burnet,1594,3460,462,1139,1335,186,338,"$471,398.00",$295.73,November,2021,$344.71
Caldwell,2436,5790,889,2199,2065,214,423,"$846,216.00",$347.38,November,2021,$404.91
Coryell,3475,8504,1234,3009,3528,305,428,"$1,160,568.00",$333.98,November,2021,$389.28
Falls,1333,2812,392,911,1099,130,280,"$391,730.00",$293.87,November,2021,$342.54
Fayette,856,1862,262,624,715,70,191,"$263,853.00",$308.24,November,2021,$359.28
Freestone,1073,2345,296,819,923,103,204,"$336,824.00",$313.91,November,2021,$365.89
Gillespie,511,1147,177,380,414,47,129,"$150,870.00",$295.24,November,2021,$344.14
Hays,6155,14364,2177,5361,5519,404,903,"$2,121,946.00",$344.75,November,2021,$401.84
Lampasas,1032,2254,283,718,961,117,175,"$317,398.00",$307.56,November,2021,$358.49
Lee,805,1817,268,678,669,81,121,"$259,656.00",$322.55,November,2021,$375.97
Limestone,1629,3528,432,1216,1447,159,274,"$487,556.00",$299.30,November,2021,$348.86
Llano,892,1918,247,597,753,99,222,"$268,744.00",$301.28,November,2021,$351.17
McLennan,15189,33663,4858,11828,13395,1355,2227,"$4,841,763.00",$318.77,November,2021,$371.56
Milam,1740,3770,450,1246,1510,201,363,"$525,576.00",$302.06,November,2021,$352.08
Mills,178,374,42,111,167,21,33,"$50,865.00",$285.76,November,2021,$333.08
San Saba,303,658,68,219,256,29,86,"$86,893.00",$286.78,November,2021,$334.27
Travis,40833,84837,12729,31221,31458,3121,6308,"$13,335,092.00",$326.58,November,2021,$380.66
Williamson,11334,26753,3881,9852,10109,749,2162,"$3,927,300.00",$346.51,November,2021,$403.89
Bastrop,4595,10757,1671,4336,3679,397,674,"$1,629,075.00",$354.53,December,2021,$411.98
Bell,21740,51745,7343,18912,21048,1759,2683,"$7,501,589.00",$345.06,December,2021,$400.97
Blanco,259,510,67,145,196,32,70,"$72,546.00",$280.10,December,2021,$325.48
Burnet,1608,3539,463,1188,1368,180,340,"$482,362.00",$299.98,December,2021,$348.58
Caldwell,2469,5893,902,2258,2081,221,431,"$860,304.00",$348.44,December,2021,$404.90
Coryell,3523,8650,1259,3040,3611,300,440,"$1,185,845.00",$336.60,December,2021,$391.14
Falls,1347,2860,387,944,1108,129,292,"$397,849.00",$295.36,December,2021,$343.22
Fayette,849,1863,258,639,700,73,193,"$265,192.00",$312.36,December,2021,$362.97
Freestone,1097,2407,303,841,945,109,209,"$346,687.00",$316.03,December,2021,$367.24
Gillespie,512,1155,176,386,414,49,130,"$153,810.00",$300.41,December,2021,$349.09
Hays,6240,14569,2200,5425,5600,416,928,"$2,154,666.00",$345.30,December,2021,$401.25
Lampasas,1049,2283,281,736,956,128,182,"$323,551.00",$308.44,December,2021,$358.41
Lee,808,1839,272,688,678,81,120,"$262,651.00",$325.06,December,2021,$377.73
Limestone,1692,3673,459,1262,1498,171,283,"$511,572.00",$302.35,December,2021,$351.34
Llano,908,1968,250,620,764,103,231,"$273,630.00",$301.35,December,2021,$350.18
McLennan,15295,34075,4929,12017,13507,1371,2251,"$4,879,219.00",$319.01,December,2021,$370.70
Milam,1749,3807,459,1256,1519,207,366,"$531,213.00",$303.72,December,2021,$352.94
Mills,177,374,40,114,164,21,35,"$50,173.00",$283.46,December,2021,$329.39
San Saba,316,691,76,224,274,30,87,"$91,113.00",$288.33,December,2021,$335.05
Travis,41093,86031,13052,31830,31612,3165,6372,"$13,546,318.00",$329.65,December,2021,$383.06
Williamson,11445,27070,3906,9982,10227,750,2205,"$3,980,851.00",$347.82,December,2021,$404.18
Bastrop,4651,10943,1694,4432,3747,402,668,"$1,633,408.00",$351.20,January ,2022,$404.69
Bell,21992,52449,7525,19137,21323,1774,2690,"$7,475,992.00",$339.94,January ,2022,$391.73
Blanco,259,507,68,142,196,29,72,"$70,376.00",$271.72,January ,2022,$313.11
Burnet,1643,3637,478,1228,1410,179,342,"$488,862.00",$297.54,January ,2022,$342.87
Caldwell,2513,5993,938,2269,2136,225,425,"$862,094.00",$343.05,January ,2022,$395.31
Coryell,3583,8810,1270,3101,3707,297,435,"$1,179,179.00",$329.10,January ,2022,$379.24
Falls,1367,2901,399,953,1128,128,293,"$398,065.00",$291.20,January ,2022,$335.55
Fayette,858,1876,252,647,713,74,190,"$261,082.00",$304.29,January ,2022,$350.64
Freestone,1103,2384,299,828,939,107,211,"$337,707.00",$306.17,January ,2022,$352.81
Gillespie,524,1197,183,403,430,47,134,"$157,678.00",$300.91,January ,2022,$346.75
Hays,6375,14920,2241,5578,5743,414,944,"$2,155,770.00",$338.16,January ,2022,$389.67
Lampasas,1065,2308,282,742,968,132,184,"$321,223.00",$301.62,January ,2022,$347.56
Lee,821,1872,274,706,694,84,114,"$264,820.00",$322.56,January ,2022,$371.69
Limestone,1710,3746,465,1301,1519,170,291,"$510,594.00",$298.59,January ,2022,$344.08
Llano,925,2039,265,645,794,105,230,"$275,944.00",$298.32,January ,2022,$343.76
McLennan,15453,34509,5040,12139,13707,1367,2256,"$4,882,817.00",$315.98,January ,2022,$364.11
Milam,1764,3855,468,1272,1536,206,373,"$519,899.00",$294.73,January ,2022,$339.62
Mills,182,389,42,122,170,21,34,"$50,858.00",$279.44,January ,2022,$322.01
San Saba,319,692,76,222,276,31,87,"$90,246.00",$282.90,January ,2022,$326.00
Travis,41888,87946,13396,32588,32360,3188,6414,"$13,675,930.00",$326.49,January ,2022,$376.22
Williamson,11747,27841,4013,10277,10585,739,2227,"$4,045,245.00",$344.36,January ,2022,$396.82
Bastrop,4529,10660,1657,4311,3636,395,661,"$1,573,706.00",$347.47,February,2022,$396.78
Bell,21404,51084,7379,18604,20670,1737,2694,"$7,224,818.00",$337.55,February,2022,$385.44
Blanco,258,511,65,144,198,30,74,"$67,821.00",$262.87,February,2022,$300.17
Burnet,1623,3588,467,1208,1389,174,350,"$475,329.00",$292.87,February,2022,$334.43
Caldwell,2467,5928,938,2270,2076,215,429,"$838,189.00",$339.76,February,2022,$387.97
Coryell,3481,8670,1255,3098,3598,290,429,"$1,150,914.00",$330.63,February,2022,$377.54
Falls,1319,2804,379,936,1070,124,295,"$378,533.00",$286.98,February,2022,$327.71
Fayette,824,1773,245,600,671,69,188,"$242,244.00",$293.99,February,2022,$335.70
Freestone,1085,2373,308,827,929,105,204,"$333,766.00",$307.62,February,2022,$351.27
Gillespie,513,1185,194,398,411,45,137,"$149,599.00",$291.62,February,2022,$333.00
Hays,6298,14753,2213,5492,5701,406,941,"$2,131,265.00",$338.40,February,2022,$386.42
Lampasas,1037,2257,275,728,941,127,186,"$312,228.00",$301.09,February,2022,$343.81
Lee,792,1792,265,679,651,84,113,"$252,512.00",$318.83,February,2022,$364.07
Limestone,1642,3571,445,1226,1450,161,289,"$479,864.00",$292.24,February,2022,$333.71
Llano,924,2020,263,629,785,110,233,"$275,584.00",$298.25,February,2022,$340.57
McLennan,15126,33829,4915,11940,13376,1342,2256,"$4,728,036.00",$312.58,February,2022,$356.93
Milam,1701,3683,433,1227,1450,200,373,"$488,372.00",$287.11,February,2022,$327.85
Mills,181,393,42,127,174,17,33,"$50,819.00",$280.77,February,2022,$320.61
San Saba,300,646,68,208,256,32,82,"$83,117.00",$277.06,February,2022,$316.37
Travis,40991,86055,13105,31868,31592,3110,6380,"$13,271,343.00",$323.76,February,2022,$369.71
Williamson,11458,27186,3875,10095,10248,748,2220,"$3,916,569.00",$341.82,February,2022,$390.32
Bastrop,4532,10649,1661,4279,3639,389,681,"$1,565,031.00",$345.33,March,2022,$389.14
Bell,21248,50846,7320,18548,20507,1758,2713,"$7,129,398.00",$335.53,March,2022,$378.10
Blanco,254,504,59,147,195,29,74,"$66,555.00",$262.03,March,2022,$295.27
Burnet,1615,3569,472,1200,1362,175,360,"$472,149.00",$292.35,March,2022,$329.44
Caldwell,2434,5875,947,2245,2025,222,436,"$826,513.00",$339.57,March,2022,$382.65
Coryell,3472,8649,1251,3079,3595,286,438,"$1,135,551.00",$327.06,March,2022,$368.55
Falls,1306,2757,363,912,1051,130,301,"$374,339.00",$286.63,March,2022,$322.99
Fayette,825,1762,238,593,671,69,191,"$244,059.00",$295.83,March,2022,$333.36
Freestone,1067,2341,299,811,928,102,201,"$329,644.00",$308.94,March,2022,$348.14
Gillespie,505,1152,190,380,403,43,136,"$143,859.00",$284.87,March,2022,$321.01
Hays,6305,14801,2207,5546,5685,417,946,"$2,125,283.00",$337.08,March,2022,$379.84
Lampasas,1026,2237,272,723,924,129,189,"$309,426.00",$301.58,March,2022,$339.84
Lee,787,1798,275,677,651,85,110,"$253,037.00",$321.52,March,2022,$362.31
Limestone,1628,3515,432,1205,1419,165,294,"$473,284.00",$290.71,March,2022,$327.59
Llano,925,2016,259,634,779,106,238,"$271,826.00",$293.87,March,2022,$331.15
McLennan,15028,33556,4891,11803,13245,1352,2265,"$4,681,126.00",$311.49,March,2022,$351.01
Milam,1695,3683,437,1225,1449,199,373,"$493,536.00",$291.17,March,2022,$328.11
Mills,180,389,41,127,171,18,32,"$51,632.00",$286.84,March,2022,$323.23
San Saba,299,646,69,204,258,33,82,"$82,683.00",$276.53,March,2022,$311.61
Travis,40521,84952,12933,31325,31226,3101,6367,"$13,042,940.00",$321.88,March,2022,$362.71
Williamson,11400,26939,3835,9933,10166,764,2241,"$3,866,340.00",$339.15,March,2022,$382.18
Bastrop,4506,10561,1644,4260,3588,377,692,"$1,556,286.00",$345.38,April ,2022,$387.03
Bell,21170,50889,7326,18654,20410,1765,2734,"$7,123,003.00",$336.47,April ,2022,$377.05
Blanco,253,516,64,153,196,28,75,"$66,772.00",$263.92,April ,2022,$295.75
Burnet,1622,3599,459,1229,1371,180,360,"$477,415.00",$294.34,April ,2022,$329.83
Caldwell,2421,5829,915,2254,2000,217,443,"$826,432.00",$341.36,April ,2022,$382.53
Coryell,3462,8567,1234,3036,3554,285,458,"$1,133,964.00",$327.55,April ,2022,$367.05
Falls,1310,2768,357,925,1050,129,307,"$377,811.00",$288.41,April ,2022,$323.19
Fayette,836,1756,243,577,664,66,206,"$242,364.00",$289.91,April ,2022,$324.87
Freestone,1085,2373,295,827,930,114,207,"$326,223.00",$300.67,April ,2022,$336.93
Gillespie,507,1159,190,387,403,39,140,"$142,151.00",$280.38,April ,2022,$314.19
Hays,6246,14694,2213,5460,5625,422,974,"$2,107,395.00",$337.40,April ,2022,$378.09
Lampasas,1019,2233,264,723,922,131,193,"$299,510.00",$293.93,April ,2022,$329.37
Lee,777,1752,256,668,626,85,117,"$249,277.00",$320.82,April ,2022,$359.51
Limestone,1634,3542,446,1212,1421,167,296,"$474,033.00",$290.11,April ,2022,$325.09
Llano,915,2002,257,626,769,110,240,"$264,845.00",$289.45,April ,2022,$324.36
McLennan,14953,33462,4874,11754,13147,1361,2326,"$4,645,221.00",$310.65,April ,2022,$348.12
Milam,1684,3672,443,1228,1424,195,382,"$501,023.00",$297.52,April ,2022,$333.40
Mills,174,380,46,121,167,16,30,"$52,744.00",$303.13,April ,2022,$339.68
San Saba,307,676,76,218,271,28,83,"$87,694.00",$285.65,April ,2022,$320.10
Travis,40189,83999,12807,30793,30841,3083,6475,"$12,918,920.00",$321.45,April ,2022,$360.22
Williamson,11331,26803,3810,9877,10113,769,2234,"$3,849,783.00",$339.76,April ,2022,$380.73
Bastrop,4463,10382,1601,4194,3510,383,694,"$1,521,728.00",$340.97,May ,2022,$377.92
Bell,20701,49716,7209,18161,19881,1734,2731,"$6,944,797.00",$335.48,May ,2022,$371.84
Blanco,250,497,56,147,191,27,76,"$63,580.00",$254.32,May ,2022,$281.88
Burnet,1557,3411,448,1138,1284,181,360,"$446,403.00",$286.71,May ,2022,$317.78
Caldwell,2348,5606,892,2156,1898,214,446,"$783,561.00",$333.71,May ,2022,$369.88
Coryell,3394,8385,1184,2992,3441,295,473,"$1,096,577.00",$323.09,May ,2022,$358.11
Falls,1291,2702,345,883,1030,134,310,"$369,022.00",$285.84,May ,2022,$316.82
Fayette,805,1671,226,543,625,71,206,"$225,405.00",$280.01,May ,2022,$310.35
Freestone,1060,2325,292,809,910,109,205,"$315,345.00",$297.50,May ,2022,$329.74
Gillespie,493,1147,184,396,391,39,137,"$140,353.00",$284.69,May ,2022,$315.55
Hays,6043,14176,2154,5264,5378,408,972,"$2,024,583.00",$335.03,May ,2022,$371.34
Lampasas,986,2155,256,689,889,127,194,"$290,013.00",$294.13,May ,2022,$326.01
Lee,735,1642,246,631,557,85,123,"$224,552.00",$305.51,May ,2022,$338.63
Limestone,1592,3433,432,1166,1375,159,301,"$460,275.00",$289.12,May ,2022,$320.45
Llano,884,1919,248,599,721,112,239,"$248,998.00",$281.67,May ,2022,$312.20
McLennan,14660,32668,4715,11458,12781,1341,2373,"$4,499,808.00",$306.94,May ,2022,$340.21
Milam,1656,3617,450,1199,1399,190,379,"$494,163.00",$298.41,May ,2022,$330.75
Mills,169,359,42,109,157,19,32,"$47,559.00",$281.41,May ,2022,$311.91
San Saba,304,670,72,218,267,26,87,"$83,933.00",$276.10,May ,2022,$306.02
Travis,38864,81171,12458,29633,29631,3000,6449,"$12,417,390.00",$319.51,May ,2022,$354.14
Williamson,11043,26075,3733,9618,9735,762,2227,"$3,706,275.00",$335.62,May ,2022,$372.00
Bastrop,4301,9950,1538,4027,3321,377,687,"$1,426,457.00",$331.66,June,2022,$362.62
Bell,20219,48771,7113,17884,19336,1713,2725,"$6,726,917.00",$332.70,June,2022,$363.77
Blanco,245,519,67,158,195,26,73,"$64,581.00",$263.60,June,2022,$288.21
Burnet,1482,3224,455,1054,1190,169,356,"$412,510.00",$278.35,June,2022,$304.33
Caldwell,2296,5465,889,2086,1831,211,448,"$744,637.00",$324.32,June,2022,$354.60
Coryell,3253,8051,1131,2899,3265,292,464,"$1,042,998.00",$320.63,June,2022,$350.56
Falls,1276,2662,335,873,1016,124,314,"$358,894.00",$281.26,June,2022,$307.53
Fayette,794,1616,218,508,611,73,206,"$213,609.00",$269.03,June,2022,$294.15
Freestone,1041,2246,291,764,881,106,204,"$294,877.00",$283.26,June,2022,$309.71
Gillespie,464,1068,172,372,353,36,135,"$126,575.00",$272.79,June,2022,$298.26
Hays,5882,13767,2108,5083,5205,387,984,"$1,936,497.00",$329.22,June,2022,$359.96
Lampasas,953,2071,245,652,850,130,194,"$265,928.00",$279.04,June,2022,$305.10
Lee,741,1655,246,634,566,85,124,"$220,679.00",$297.81,June,2022,$325.62
Limestone,1539,3332,430,1127,1315,159,301,"$435,322.00",$282.86,June,2022,$309.27
Llano,873,1874,249,578,687,114,246,"$235,707.00",$270.00,June,2022,$295.20
McLennan,14471,32249,4654,11340,12555,1326,2374,"$4,371,481.00",$302.09,June,2022,$330.29
Milam,1624,3520,434,1168,1351,191,376,"$470,494.00",$289.71,June,2022,$316.76
Mills,170,377,45,124,157,20,31,"$48,231.00",$283.71,June,2022,$310.20
San Saba,283,623,69,200,247,26,81,"$76,274.00",$269.52,June,2022,$294.68
Travis,37491,78159,12143,28255,28469,2929,6363,"$11,706,230.00",$312.24,June,2022,$341.39
Williamson,10744,25251,3591,9299,9388,744,2229,"$3,528,268.00",$328.39,June,2022,$359.05
Bastrop,4355,10054,1569,4042,3346,380,717,"$1,433,106.00",$329.07,July,2022,$359.84
Bell,20209,48454,7004,17735,19217,1716,2782,"$6,660,641.00",$329.59,July,2022,$360.40
Blanco,253,527,67,158,199,30,73,"$66,211.00",$261.70,July,2022,$286.17
Burnet,1486,3195,446,1048,1177,169,355,"$408,896.00",$275.17,July,2022,$300.89
Caldwell,2300,5448,870,2068,1837,217,456,"$747,785.00",$325.12,July,2022,$355.52
Coryell,3265,8004,1137,2850,3248,296,473,"$1,038,826.00",$318.17,July,2022,$347.92
Falls,1293,2698,350,880,1015,128,325,"$360,901.00",$279.12,July,2022,$305.22
Fayette,826,1699,233,536,633,76,221,"$224,766.00",$272.11,July,2022,$297.55
Freestone,1043,2271,283,805,863,109,211,"$295,998.00",$283.79,July,2022,$310.33
Gillespie,461,1059,168,375,349,34,133,"$126,761.00",$274.97,July,2022,$300.68
Hays,5856,13644,2079,5016,5167,386,996,"$1,892,441.00",$323.16,July,2022,$353.38
Lampasas,957,2072,240,657,855,128,192,"$264,769.00",$276.67,July,2022,$302.53
Lee,741,1644,244,629,554,88,129,"$222,306.00",$300.01,July,2022,$328.06
Limestone,1553,3345,428,1119,1335,151,312,"$428,756.00",$276.08,July,2022,$301.89
Llano,871,1865,246,571,676,116,256,"$234,351.00",$269.06,July,2022,$294.22
McLennan,14606,32372,4619,11354,12604,1336,2459,"$4,384,435.00",$300.18,July,2022,$328.25
Milam,1624,3499,434,1154,1340,192,379,"$467,849.00",$288.08,July,2022,$315.02
Mills,173,369,46,115,157,21,30,"$48,435.00",$279.97,July,2022,$306.15
San Saba,289,635,73,199,254,22,87,"$75,050.00",$259.69,July,2022,$283.97
Travis,37732,78027,12030,28016,28476,2980,6525,"$11,689,922.00",$309.81,July,2022,$338.78
Williamson,10797,25194,3597,9223,9353,743,2278,"$3,546,145.00",$328.44,July,2022,$359.14
Bastrop,4532,10491,1624,4234,3486,397,750,"$1,545,180.00",$340.95,August,2022,$372.96
Bell,20962,50078,7157,18349,19842,1791,2939,"$7,059,714.00",$336.79,August,2022,$368.40
Blanco,261,526,70,152,195,34,75,"$70,539.00",$270.26,August,2022,$295.64
Burnet,1537,3254,442,1056,1198,182,376,"$431,627.00",$280.82,August,2022,$307.19
Caldwell,2412,5713,896,2189,1920,225,483,"$799,235.00",$331.36,August,2022,$362.47
Coryell,3400,8340,1175,2985,3380,307,493,"$1,111,705.00",$326.97,August,2022,$357.67
Falls,1340,2796,352,924,1052,137,331,"$379,123.00",$282.93,August,2022,$309.49
Fayette,843,1752,248,553,640,79,232,"$235,782.00",$279.69,August,2022,$305.95
Freestone,1083,2355,289,833,897,117,219,"$314,450.00",$290.35,August,2022,$317.61
Gillespie,480,1104,167,399,367,39,132,"$133,946.00",$279.05,August,2022,$305.25
Hays,6167,14287,2175,5235,5419,406,1052,"$2,042,618.00",$331.22,August,2022,$362.31
Lampasas,982,2131,239,689,863,131,209,"$284,802.00",$290.02,August,2022,$317.25
Lee,766,1698,253,651,574,89,131,"$233,381.00",$304.67,August,2022,$333.27
Limestone,1622,3439,432,1128,1381,166,332,"$458,539.00",$282.70,August,2022,$309.24
Llano,919,1951,260,589,707,122,273,"$248,882.00",$270.82,August,2022,$296.24
McLennan,14995,33210,4690,11663,12892,1397,2568,"$4,604,551.00",$307.07,August,2022,$335.90
Milam,1685,3595,434,1180,1381,196,404,"$499,975.00",$296.72,August,2022,$324.58
Mills,188,406,49,129,169,25,34,"$53,461.00",$284.37,August,2022,$311.06
San Saba,306,673,71,219,264,23,96,"$85,228.00",$278.52,August,2022,$304.67
Travis,39069,80497,12318,28969,29262,3112,6836,"$12,422,938.00",$317.97,August,2022,$347.83
Williamson,11294,26369,3730,9694,9808,773,2364,"$3,810,755.00",$337.41,August,2022,$369.09
Bastrop,4622,10730,1671,4337,3536,413,773,"$1,585,837.00",$343.11,September,2022,$374.51
Bell,21280,50843,7230,18660,20095,1826,3032,"$7,181,895.00",$337.50,September,2022,$368.39
Blanco,256,514,66,149,187,33,79,"$66,715.00",$260.61,September,2022,$284.46
Burnet,1586,3363,446,1116,1229,186,386,"$453,130.00",$285.71,September,2022,$311.86
Caldwell,2473,5848,903,2252,1972,224,497,"$822,039.00",$332.41,September,2022,$362.83
Coryell,3457,8545,1195,3081,3445,309,515,"$1,134,121.00",$328.07,September,2022,$358.09
Falls,1360,2824,363,924,1059,142,336,"$381,092.00",$280.21,September,2022,$305.86
Fayette,860,1772,248,557,652,84,231,"$235,939.00",$274.35,September,2022,$299.46
Freestone,1107,2424,306,858,919,124,217,"$321,557.00",$290.48,September,2022,$317.06
Gillespie,500,1156,165,435,378,40,138,"$137,813.00",$275.63,September,2022,$300.86
Hays,6343,14669,2235,5360,5575,412,1087,"$2,114,070.00",$333.29,September,2022,$363.80
Lampasas,1017,2198,247,706,888,136,221,"$291,892.00",$287.01,September,2022,$313.28
Lee,786,1737,259,676,576,90,136,"$237,048.00",$301.59,September,2022,$329.19
Limestone,1637,3501,448,1162,1378,166,347,"$459,741.00",$280.84,September,2022,$306.55
Llano,916,1939,257,596,685,127,274,"$245,395.00",$267.90,September,2022,$292.42
McLennan,15116,33459,4711,11780,12914,1408,2646,"$4,626,885.00",$306.09,September,2022,$334.11
Milam,1712,3630,421,1187,1399,205,418,"$501,397.00",$292.87,September,2022,$319.68
Mills,193,420,56,129,175,22,38,"$56,817.00",$294.39,September,2022,$321.34
San Saba,310,681,71,223,262,26,99,"$83,141.00",$268.20,September,2022,$292.75
Travis,39511,81606,12496,29624,29348,3167,6971,"$12,588,192.00",$318.60,September,2022,$347.76
Williamson,11659,27148,3851,9973,10080,804,2440,"$3,948,766.00",$338.69,September,2022,$369.69
Bastrop,4759,11064,1722,4489,3657,414,782,"$1,922,904.00",$404.06,October ,2022,$439.26
Bell,21541,51564,7286,19003,20354,1846,3075,"$8,585,796.00",$398.58,October ,2022,$433.31
Blanco,263,535,68,159,196,35,77,"$82,256.00",$312.76,October ,2022,$340.01
Burnet,1613,3453,460,1152,1264,189,388,"$556,990.00",$345.31,October ,2022,$375.40
Caldwell,2495,5938,914,2309,1987,227,501,"$993,614.00",$398.24,October ,2022,$432.94
Coryell,3494,8712,1215,3155,3534,296,512,"$1,374,579.00",$393.41,October ,2022,$427.69
Falls,1361,2844,371,930,1063,144,336,"$460,364.00",$338.25,October ,2022,$367.72
Fayette,883,1836,254,587,677,85,233,"$295,520.00",$334.68,October ,2022,$363.84
Freestone,1122,2470,318,874,926,128,224,"$393,280.00",$350.52,October ,2022,$381.06
Gillespie,506,1184,173,444,390,37,140,"$171,696.00",$339.32,October ,2022,$368.88
Hays,6421,14902,2240,5508,5651,409,1094,"$2,542,435.00",$395.96,October ,2022,$430.45
Lampasas,1027,2236,259,717,897,135,228,"$358,737.00",$349.31,October ,2022,$379.74
Lee,809,1793,262,691,615,91,134,"$295,057.00",$364.72,October ,2022,$396.49
Limestone,1662,3578,454,1200,1404,171,349,"$569,963.00",$342.94,October ,2022,$372.82
Llano,939,1996,267,622,707,127,273,"$307,314.00",$327.28,October ,2022,$355.79
McLennan,15197,33731,4782,11897,12979,1427,2646,"$5,534,847.00",$364.21,October ,2022,$395.94
Milam,1725,3681,432,1217,1420,205,407,"$607,906.00",$352.41,October ,2022,$383.11
Mills,196,414,53,129,173,23,36,"$67,061.00",$342.15,October ,2022,$371.96
San Saba,313,681,67,228,259,26,101,"$101,969.00",$325.78,October ,2022,$354.16
Travis,40061,82715,12749,30023,29671,3235,7037,"$14,977,925.00",$373.88,October ,2022,$406.45
Williamson,11844,27521,3937,10062,10265,807,2450,"$4,730,513.00",$399.40,October ,2022,$434.20
Bastrop,4856,11241,1719,4597,3694,424,807,"$1,972,900.00",$406.28,November,2022,$442.12
Bell,21857,52277,7334,19267,20674,1869,3133,"$8,723,785.00",$399.13,November,2022,$434.34
Blanco,275,555,70,165,206,33,81,"$85,828.00",$312.10,November,2022,$339.64
Burnet,1631,3484,461,1167,1264,190,402,"$558,619.00",$342.50,November,2022,$372.72
Caldwell,2554,6092,931,2396,2021,230,514,"$1,017,740.00",$398.49,November,2022,$433.64
Coryell,3568,8823,1220,3178,3593,305,527,"$1,392,238.00",$390.20,November,2022,$424.63
Falls,1373,2841,363,928,1064,145,341,"$464,627.00",$338.40,November,2022,$368.26
Fayette,886,1855,257,605,670,89,234,"$297,076.00",$335.30,November,2022,$364.88
Freestone,1156,2537,324,890,962,127,234,"$405,049.00",$350.39,November,2022,$381.30
Gillespie,524,1223,183,454,406,38,142,"$177,169.00",$338.11,November,2022,$367.94
Hays,6544,15227,2270,5649,5777,412,1119,"$2,601,487.00",$397.54,November,2022,$432.61
Lampasas,1057,2288,268,718,922,144,236,"$369,256.00",$349.34,November,2022,$380.16
Lee,796,1776,261,691,593,93,138,"$290,992.00",$365.57,November,2022,$397.82
Limestone,1692,3646,475,1218,1416,178,359,"$577,954.00",$341.58,November,2022,$371.72
Llano,936,2002,255,643,706,123,275,"$309,116.00",$330.25,November,2022,$359.39
McLennan,15419,34236,4802,12143,13162,1444,2685,"$5,630,686.00",$365.18,November,2022,$397.40
Milam,1755,3774,452,1247,1455,208,412,"$615,940.00",$350.96,November,2022,$381.93
Mills,191,409,57,128,166,20,38,"$64,565.00",$338.04,November,2022,$367.86
San Saba,327,724,74,245,277,27,101,"$107,420.00",$328.50,November,2022,$357.48
Travis,40550,83764,12916,30465,29996,3265,7122,"$15,246,402.00",$375.99,November,2022,$409.16
Williamson,12063,27948,3934,10235,10454,823,2502,"$4,836,923.00",$400.97,November,2022,$436.35
Bastrop,4917,11451,1748,4711,3758,435,799,"$1,989,375.00",$404.59,December,2022,$441.64
Bell,21989,52716,7352,19472,20844,1892,3156,"$8,760,636.00",$398.41,December,2022,$434.89
Blanco,276,550,68,159,206,32,85,"$84,649.00",$306.70,December,2022,$334.79
Burnet,1652,3544,468,1183,1291,187,415,"$570,214.00",$345.17,December,2022,$376.77
Caldwell,2568,6138,921,2425,2040,238,514,"$1,023,385.00",$398.51,December,2022,$435.01
Coryell,3595,8911,1228,3226,3620,306,531,"$1,396,243.00",$388.38,December,2022,$423.95
Falls,1363,2818,344,929,1057,142,346,"$458,103.00",$336.10,December,2022,$366.88
Fayette,893,1873,259,618,672,90,234,"$296,899.00",$332.47,December,2022,$362.92
Freestone,1172,2583,326,913,978,128,238,"$411,201.00",$350.85,December,2022,$382.98
Gillespie,521,1211,173,446,407,44,141,"$173,549.00",$333.11,December,2022,$363.61
Hays,6613,15389,2270,5748,5842,403,1126,"$2,632,963.00",$398.15,December,2022,$434.61
Lampasas,1061,2281,270,712,913,146,240,"$371,486.00",$350.13,December,2022,$382.19
Lee,809,1833,274,717,603,93,146,"$293,956.00",$363.36,December,2022,$396.63
Limestone,1671,3611,473,1209,1400,176,353,"$568,764.00",$340.37,December,2022,$371.54
Llano,959,2028,247,651,709,139,282,"$309,175.00",$322.39,December,2022,$351.92
McLennan,15450,34231,4774,12134,13195,1452,2676,"$5,625,104.00",$364.08,December,2022,$397.43
Milam,1756,3782,432,1269,1463,209,409,"$617,797.00",$351.82,December,2022,$384.04
Mills,193,409,53,124,171,22,39,"$65,600.00",$339.90,December,2022,$371.02
San Saba,334,753,80,259,284,26,104,"$113,070.00",$338.53,December,2022,$369.53
Travis,41220,84869,12967,30861,30609,3312,7120,"$15,485,116.00",$375.67,December,2022,$410.07
Williamson,12246,28263,3913,10339,10662,840,2509,"$4,888,796.00",$399.22,December,2022,$435.77
Bastrop,4946,11496,1780,4725,3750,433,808,"$1,970,642.00",$398.43,January,2023,$431.47
Bell,21994,52448,7235,19347,20806,1904,3156,"$8,490,930.00",$386.06,January,2023,$418.07
Blanco,279,556,74,160,202,33,87,"$84,573.00",$303.13,January,2023,$328.26
Burnet,1651,3554,481,1184,1290,183,416,"$549,671.00",$332.93,January,2023,$360.54
Caldwell,2582,6152,924,2409,2070,234,515,"$1,001,880.00",$388.02,January,2023,$420.19
Coryell,3639,9000,1225,3257,3690,300,528,"$1,375,979.00",$378.12,January,2023,$409.47
Falls,1381,2837,349,916,1060,151,361,"$437,777.00",$317.00,January,2023,$343.28
Fayette,881,1856,255,613,669,90,229,"$279,203.00",$316.92,January,2023,$343.19
Freestone,1165,2558,327,888,985,126,232,"$400,786.00",$344.02,January,2023,$372.55
Gillespie,522,1191,162,437,403,44,145,"$166,265.00",$318.52,January,2023,$344.93
Hays,6570,15238,2255,5653,5808,409,1113,"$2,556,387.00",$389.10,January,2023,$421.36
Lampasas,1074,2288,263,708,923,147,247,"$359,656.00",$334.88,January,2023,$362.64
Lee,823,1870,277,730,623,97,143,"$299,274.00",$363.64,January,2023,$393.79
Limestone,1671,3584,477,1190,1386,175,356,"$546,051.00",$326.78,January,2023,$353.88
Llano,960,2029,248,652,713,136,280,"$296,558.00",$308.91,January,2023,$334.53
McLennan,15494,34192,4762,12054,13230,1464,2682,"$5,439,612.00",$351.08,January,2023,$380.19
Milam,1754,3741,426,1246,1448,209,412,"$589,696.00",$336.20,January,2023,$364.08
Mills,194,406,50,126,165,24,41,"$61,597.00",$317.51,January,2023,$343.84
San Saba,332,747,76,261,282,27,101,"$108,335.00",$326.31,January,2023,$353.37
Travis,41519,85166,12907,30803,30949,3327,7180,"$15,222,217.00",$366.63,January,2023,$397.03
Williamson,12342,28365,3939,10330,10724,848,2524,"$4,801,311.00",$389.02,January,2023,$421.28
Bastrop,4840,11072,1719,4486,3628,430,809,"$1,886,097.00",$389.69,February,2023,$419.66
Bell,21385,50408,6902,18467,19948,1886,3205,"$8,072,611.00",$377.49,February,2023,$406.52
Blanco,272,551,76,159,198,33,85,"$84,369.00",$310.18,February,2023,$334.03
Burnet,1609,3406,439,1126,1244,184,413,"$524,263.00",$325.83,February,2023,$350.89
Caldwell,2534,5912,887,2285,1995,232,513,"$959,139.00",$378.51,February,2023,$407.62
Coryell,3569,8740,1185,3134,3580,305,536,"$1,319,660.00",$369.76,February,2023,$398.19
Falls,1349,2749,330,893,1018,147,361,"$425,088.00",$315.11,February,2023,$339.35
Fayette,875,1839,252,604,665,87,231,"$274,072.00",$313.23,February,2023,$337.31
Freestone,1141,2468,299,854,957,123,235,"$378,436.00",$331.67,February,2023,$357.18
Gillespie,517,1167,158,423,397,46,143,"$163,384.00",$316.02,February,2023,$340.33
Hays,6447,14783,2206,5411,5650,410,1106,"$2,456,167.00",$380.98,February,2023,$410.28
Lampasas,1046,2228,252,695,887,151,243,"$347,059.00",$331.80,February,2023,$357.31
Lee,821,1835,263,708,620,99,145,"$292,575.00",$356.36,February,2023,$383.77
Limestone,1624,3448,447,1137,1346,164,354,"$522,895.00",$321.98,February,2023,$346.74
Llano,934,1942,235,618,683,135,271,"$285,675.00",$305.86,February,2023,$329.38
McLennan,15180,33064,4587,11512,12843,1445,2677,"$5,237,699.00",$345.04,February,2023,$371.57
Milam,1734,3638,413,1199,1409,206,411,"$562,533.00",$324.41,February,2023,$349.36
Mills,187,386,49,116,156,23,42,"$56,774.00",$303.60,February,2023,$326.95
San Saba,324,725,72,256,272,26,99,"$104,078.00",$321.23,February,2023,$345.93
Travis,40478,82176,12464,29403,29829,3330,7150,"$14,632,213.00",$361.49,February,2023,$389.29
Williamson,11922,27174,3724,9853,10241,848,2508,"$4,563,867.00",$382.81,February,2023,$412.25
Bastrop,4721,10676,1652,4299,3485,423,817,"$1,806,445.00",$382.64,March,2023,$410.71
Bell,20777,48319,6639,17456,19127,1870,3227,"$7,697,144.00",$370.46,March,2023,$397.64
Blanco,268,509,65,143,182,34,85,"$76,711.00",$286.24,March,2023,$307.23
Burnet,1583,3331,420,1106,1203,188,414,"$503,842.00",$318.28,March,2023,$341.63
Caldwell,2471,5724,870,2174,1929,230,521,"$934,319.00",$378.11,March,2023,$405.85
Coryell,3497,8403,1131,2962,3459,315,536,"$1,262,418.00",$361.00,March,2023,$387.48
Falls,1317,2691,335,878,985,140,353,"$412,494.00",$313.21,March,2023,$336.18
Fayette,868,1834,246,611,667,86,224,"$272,862.00",$314.36,March,2023,$337.42
Freestone,1132,2411,302,806,939,123,241,"$366,867.00",$324.09,March,2023,$347.86
Gillespie,515,1165,162,420,394,45,144,"$162,034.00",$314.63,March,2023,$337.71
Hays,6291,14162,2087,5125,5431,412,1107,"$2,345,957.00",$372.91,March,2023,$400.26
Lampasas,1019,2148,241,660,859,146,242,"$334,188.00",$327.96,March,2023,$352.01
Lee,835,1844,257,712,629,99,147,"$291,367.00",$348.94,March,2023,$374.54
Limestone,1592,3338,437,1072,1307,169,353,"$502,278.00",$315.50,March,2023,$338.64
Llano,911,1855,218,573,653,138,273,"$274,623.00",$301.45,March,2023,$323.56
McLennan,14855,31993,4353,11056,12482,1435,2667,"$5,028,637.00",$338.51,March,2023,$363.35
Milam,1697,3523,417,1123,1361,206,416,"$542,860.00",$319.89,March,2023,$343.36
Mills,189,388,45,120,161,23,39,"$57,150.00",$302.38,March,2023,$324.56
San Saba,325,721,73,249,275,27,97,"$102,133.00",$314.26,March,2023,$337.31
Travis,39768,79628,11985,28076,29068,3327,7172,"$14,138,048.00",$355.51,March,2023,$381.59
Williamson,11613,26184,3588,9400,9851,832,2513,"$4,382,169.00",$377.35,March,2023,$405.03
Bastrop,4723,10670,1657,4294,3475,425,819,"$1,820,596.00",$385.47,April ,2023,$411.67
Bell,20612,48044,6603,17393,18896,1878,3274,"$7,718,244.00",$374.45,April ,2023,$399.90
Blanco,273,529,63,154,191,37,84,"$79,143.00",$289.90,April ,2023,$309.60
Burnet,1545,3272,422,1088,1170,177,415,"$498,398.00",$322.59,April ,2023,$344.51
Caldwell,2460,5684,856,2160,1913,230,525,"$924,168.00",$375.68,April ,2023,$401.20
Coryell,3450,8332,1136,2942,3401,314,539,"$1,258,805.00",$364.87,April ,2023,$389.66
Falls,1302,2655,338,854,969,139,355,"$409,486.00",$314.51,April ,2023,$335.88
Fayette,870,1840,249,615,669,80,227,"$276,941.00",$318.32,April ,2023,$339.95
Freestone,1127,2401,302,805,921,125,248,"$376,377.00",$333.96,April ,2023,$356.66
Gillespie,515,1174,164,421,397,48,144,"$162,825.00",$316.17,April ,2023,$337.65
Hays,6286,14117,2084,5097,5404,401,1131,"$2,358,136.00",$375.14,April ,2023,$400.63
Lampasas,1034,2193,256,678,865,144,250,"$343,173.00",$331.89,April ,2023,$354.44
Lee,813,1782,252,675,608,95,152,"$284,261.00",$349.64,April ,2023,$373.40
Limestone,1587,3326,435,1072,1300,169,350,"$507,470.00",$319.77,April ,2023,$341.49
Llano,896,1801,204,550,643,136,268,"$266,825.00",$297.80,April ,2023,$318.03
McLennan,14805,31909,4354,11022,12401,1442,2690,"$5,052,835.00",$341.29,April ,2023,$364.48
Milam,1692,3510,416,1114,1344,215,421,"$540,951.00",$319.71,April ,2023,$341.43
Mills,184,374,42,114,156,24,38,"$56,816.00",$308.78,April ,2023,$329.76
San Saba,319,688,66,237,261,24,100,"$99,608.00",$312.25,April ,2023,$333.47
Travis,39349,78936,11931,27837,28631,3354,7183,"$14,063,003.00",$357.39,April ,2023,$381.68
Williamson,11489,25834,3519,9250,9675,843,2547,"$4,343,468.00",$378.05,April ,2023,$403.74
Bastrop,4656,10511,1662,4190,3417,424,818,"$1,779,100.00",$382.11,May ,2023,$407.05
Bell,20291,47237,6572,17042,18461,1868,3294,"$7,535,827.00",$371.39,May ,2023,$395.63
Blanco,277,557,64,170,202,38,83,"$82,622.00",$298.27,May ,2023,$317.74
Burnet,1533,3173,404,1029,1150,172,418,"$482,268.00",$314.59,May ,2023,$335.12
Caldwell,2412,5573,844,2112,1860,235,522,"$898,375.00",$372.46,May ,2023,$396.77
Coryell,3392,8147,1113,2863,3323,313,535,"$1,227,745.00",$361.95,May ,2023,$385.58
Falls,1288,2618,336,825,959,137,361,"$405,517.00",$314.84,May ,2023,$335.39
Fayette,866,1813,237,603,661,78,234,"$272,879.00",$315.10,May ,2023,$335.67
Freestone,1136,2381,293,791,927,125,245,"$369,383.00",$325.16,May ,2023,$346.38
Gillespie,502,1135,160,401,384,48,142,"$157,022.00",$312.79,May ,2023,$333.21
Hays,6181,13924,2078,5017,5287,397,1145,"$2,301,443.00",$372.34,May ,2023,$396.64
Lampasas,1022,2172,251,668,855,148,250,"$338,457.00",$331.17,May ,2023,$352.79
Lee,819,1802,257,681,619,97,148,"$280,440.00",$342.42,May ,2023,$364.77
Limestone,1583,3337,443,1075,1298,159,362,"$506,793.00",$320.15,May ,2023,$341.04
Llano,885,1736,184,525,616,139,272,"$255,738.00",$288.97,May ,2023,$307.83
McLennan,14597,31327,4296,10778,12134,1421,2698,"$4,961,331.00",$339.89,May ,2023,$362.07
Milam,1663,3439,415,1105,1291,216,412,"$529,065.00",$318.14,May ,2023,$338.90
Mills,186,375,44,113,155,24,39,"$54,808.00",$294.67,May ,2023,$313.90
San Saba,313,677,62,232,259,24,100,"$95,753.00",$305.92,May ,2023,$325.89
Travis,38650,77477,11795,27192,27880,3370,7240,"$13,733,191.00",$355.32,May ,2023,$378.51
Williamson,11271,25247,3478,8980,9367,854,2568,"$4,219,793.00",$374.39,May ,2023,$398.83
Bastrop,4629,10464,1676,4135,3413,426,814,"$1,758,116.00",$379.80,June ,2023,$403.29
Bell,20188,46885,6527,16940,18258,1877,3283,"$7,465,985.00",$369.82,June ,2023,$392.69
Blanco,272,547,63,169,200,37,78,"$79,295.00",$291.53,June ,2023,$309.55
Burnet,1516,3128,407,1006,1123,178,414,"$464,022.00",$306.08,June ,2023,$325.01
Caldwell,2393,5566,844,2118,1846,237,521,"$893,742.00",$373.48,June ,2023,$396.58
Coryell,3351,8068,1114,2845,3261,306,542,"$1,205,401.00",$359.71,June ,2023,$381.96
Falls,1300,2626,341,811,979,135,360,"$403,865.00",$310.67,June ,2023,$329.88
Fayette,847,1751,237,573,633,74,234,"$265,991.00",$314.04,June ,2023,$333.46
Freestone,1108,2325,298,761,896,128,242,"$355,123.00",$320.51,June ,2023,$340.33
Gillespie,493,1105,151,386,376,51,141,"$150,835.00",$305.95,June ,2023,$324.87
Hays,6191,13897,2107,4942,5294,407,1147,"$2,293,627.00",$370.48,June ,2023,$393.39
Lampasas,994,2080,235,634,825,144,242,"$324,043.00",$326.00,June ,2023,$346.16
Lee,805,1780,258,673,609,96,144,"$277,866.00",$345.18,June ,2023,$366.52
Limestone,1573,3320,444,1078,1269,166,363,"$496,385.00",$315.57,June ,2023,$335.08
Llano,853,1625,182,463,567,140,273,"$239,779.00",$281.10,June ,2023,$298.48
McLennan,14594,31155,4300,10671,12046,1408,2730,"$4,917,068.00",$336.92,June ,2023,$357.76
Milam,1639,3419,418,1099,1274,221,407,"$526,077.00",$320.97,June ,2023,$340.82
Mills,189,389,51,115,159,25,39,"$57,590.00",$304.71,June ,2023,$323.55
San Saba,306,661,60,228,251,23,99,"$94,434.00",$308.61,June ,2023,$327.69
Travis,38434,76453,11670,26447,27721,3363,7252,"$13,442,169.00",$349.75,June ,2023,$371.37
Williamson,11187,24928,3463,8783,9229,843,2610,"$4,135,997.00",$369.71,June ,2023,$392.58
Bastrop,4660,10567,1696,4154,3461,432,824,"$1,763,961.00",$378.53,July,2023,$401.17
Bell,20302,47151,6594,17006,18367,1872,3312,"$7,556,424.00",$372.20,July,2023,$394.46
Blanco,266,530,60,164,192,36,78,"$75,816.00",$285.02,July,2023,$302.07
Burnet,1508,3126,410,1018,1105,182,411,"$469,856.00",$311.58,July,2023,$330.21
Caldwell,2370,5535,864,2081,1840,234,516,"$894,751.00",$377.53,July,2023,$400.11
Coryell,3339,8014,1101,2811,3242,309,551,"$1,198,533.00",$358.95,July,2023,$380.42
Falls,1289,2608,344,798,972,135,359,"$402,100.00",$311.95,July,2023,$330.61
Fayette,834,1732,228,573,624,73,234,"$262,608.00",$314.88,July,2023,$333.71
Freestone,1098,2319,293,774,880,127,245,"$351,972.00",$320.56,July,2023,$339.73
Gillespie,484,1072,155,368,357,51,141,"$147,134.00",$304.00,July,2023,$322.18
Hays,6217,14060,2133,5029,5337,416,1145,"$2,302,847.00",$370.41,July,2023,$392.57
Lampasas,993,2096,232,657,823,137,247,"$325,634.00",$327.93,July,2023,$347.54
Lee,813,1771,254,659,612,100,146,"$278,461.00",$342.51,July,2023,$363.00
Limestone,1589,3341,440,1074,1290,168,369,"$498,176.00",$313.52,July,2023,$332.27
Llano,853,1634,181,461,579,139,274,"$238,412.00",$279.50,July,2023,$296.22
McLennan,14705,31434,4393,10683,12202,1417,2739,"$5,009,553.00",$340.67,July,2023,$361.05
Milam,1640,3452,424,1111,1296,226,395,"$538,697.00",$328.47,July,2023,$348.12
Mills,194,387,48,107,168,24,40,"$59,549.00",$306.95,July,2023,$325.31
San Saba,307,651,56,224,250,24,97,"$95,392.00",$310.72,July,2023,$329.31
Travis,38704,77104,11816,26603,27969,3401,7315,"$13,621,110.00",$351.93,July,2023,$372.98
Williamson,11203,25015,3510,8801,9219,853,2632,"$4,160,417.00",$371.37,July,2023,$393.58
Bastrop,4690,10649,1706,4193,3494,433,823,"$1,783,675.00",$380.31,August,2023,$401.31
Bell,20320,47016,6601,16922,18284,1879,3330,"$7,568,430.00",$372.46,August,2023,$393.02
Blanco,269,527,65,158,188,38,78,"$78,939.00",$293.45,August,2023,$309.65
Burnet,1528,3141,396,1022,1126,179,418,"$472,588.00",$309.29,August,2023,$326.36
Caldwell,2407,5642,884,2145,1862,234,517,"$913,363.00",$379.46,August,2023,$400.41
Coryell,3361,8035,1131,2790,3243,315,556,"$1,194,793.00",$355.49,August,2023,$375.11
Falls,1282,2627,352,819,960,142,354,"$403,662.00",$314.87,August,2023,$332.25
Fayette,831,1747,233,587,614,75,238,"$260,027.00",$312.91,August,2023,$330.18
Freestone,1086,2274,278,756,871,130,239,"$353,671.00",$325.66,August,2023,$343.64
Gillespie,489,1086,159,378,352,53,144,"$149,442.00",$305.61,August,2023,$322.48
Hays,6306,14290,2187,5135,5407,419,1142,"$2,338,767.00",$370.88,August,2023,$391.35
Lampasas,1012,2118,220,671,834,139,254,"$336,431.00",$332.44,August,2023,$350.79
Lee,804,1740,259,635,600,101,145,"$271,350.00",$337.50,August,2023,$356.13
Limestone,1555,3272,440,1053,1244,167,368,"$498,307.00",$320.45,August,2023,$338.15
Llano,855,1657,190,477,577,137,276,"$239,610.00",$280.25,August,2023,$295.72
McLennan,14776,31598,4439,10764,12202,1436,2757,"$5,021,587.00",$339.85,August,2023,$358.61
Milam,1656,3498,438,1130,1300,225,405,"$555,030.00",$335.16,August,2023,$353.67
Mills,189,371,44,104,159,24,40,"$55,514.00",$293.72,August,2023,$309.94
San Saba,308,633,53,211,241,24,104,"$91,916.00",$298.43,August,2023,$314.90
Travis,38902,77185,11842,26501,28018,3460,7364,"$13,710,474.00",$352.44,August,2023,$371.89
Williamson,11249,25260,3578,8896,9291,858,2637,"$4,197,417.00",$373.14,August,2023,$393.74
Bastrop,4678,10629,1730,4171,3457,440,831,"$1,787,316.00",$382.07,September,2023,$402.16
Bell,20093,46500,6526,16743,18039,1874,3318,"$7,499,104.00",$373.22,September,2023,$392.85
Blanco,278,561,72,175,191,41,82,"$86,079.00",$309.64,September,2023,$325.92
Burnet,1513,3119,407,1006,1112,174,420,"$470,550.00",$311.00,September,2023,$327.36
Caldwell,2380,5526,883,2076,1812,241,514,"$896,402.00",$376.64,September,2023,$396.45
Coryell,3358,8018,1134,2793,3204,320,567,"$1,191,126.00",$354.71,September,2023,$373.37
Falls,1256,2563,338,810,919,147,349,"$391,296.00",$311.54,September,2023,$327.93
Fayette,813,1710,215,592,602,72,229,"$260,000.00",$319.80,September,2023,$336.62
Freestone,1071,2247,276,753,846,126,246,"$345,792.00",$322.87,September,2023,$339.85
Gillespie,490,1101,157,389,359,50,146,"$154,111.00",$314.51,September,2023,$331.05
Hays,6264,14252,2167,5162,5358,425,1140,"$2,324,490.00",$371.09,September,2023,$390.60
Lampasas,982,2046,218,643,796,138,251,"$320,079.00",$325.95,September,2023,$343.09
Lee,818,1763,258,638,620,102,145,"$272,650.00",$333.31,September,2023,$350.84
Limestone,1545,3252,442,1050,1221,167,372,"$492,726.00",$318.92,September,2023,$335.69
Llano,839,1616,184,462,559,136,275,"$231,778.00",$276.26,September,2023,$290.78
McLennan,14617,31324,4406,10703,12041,1430,2744,"$4,975,121.00",$340.37,September,2023,$358.27
Milam,1687,3562,450,1145,1328,233,406,"$563,003.00",$333.73,September,2023,$351.28
Mills,188,376,49,108,156,20,43,"$55,959.00",$297.65,September,2023,$313.31
San Saba,302,642,53,223,242,22,102,"$94,037.00",$311.38,September,2023,$327.76
Travis,38586,76525,11700,26274,27724,3459,7368,"$13,558,191.00",$351.38,September,2023,$369.86
Williamson,11250,25138,3552,8864,9216,861,2645,"$4,171,507.00",$370.80,September,2023,$390.30
Bastrop,4702,10757,1762,4274,3442,441,838,"$1,913,840.00",$407.03,October ,2023,$428.60
Bell,19964,46253,6496,16672,17843,1880,3362,"$7,870,040.00",$394.21,October ,2023,$415.10
Blanco,283,575,74,185,195,37,84,"$94,055.00",$332.35,October ,2023,$349.96
Burnet,1490,3059,402,976,1080,174,427,"$494,084.00",$331.60,October ,2023,$349.17
Caldwell,2358,5479,884,2058,1778,241,518,"$941,888.00",$399.44,October ,2023,$420.61
Coryell,3336,7969,1141,2771,3168,316,573,"$1,263,156.00",$378.64,October ,2023,$398.71
Falls,1262,2597,344,831,927,146,349,"$418,661.00",$331.74,October ,2023,$349.32
Fayette,825,1766,229,612,625,72,228,"$284,163.00",$344.44,October ,2023,$362.69
Freestone,1096,2332,293,804,857,127,251,"$382,178.00",$348.70,October ,2023,$367.18
Gillespie,490,1076,151,363,360,52,150,"$164,024.00",$334.74,October ,2023,$352.48
Hays,6277,14336,2197,5211,5351,417,1160,"$2,468,871.00",$393.32,October ,2023,$414.16
Lampasas,977,2013,218,623,771,143,258,"$329,487.00",$337.24,October ,2023,$355.12
Lee,827,1782,262,653,614,99,154,"$294,337.00",$355.91,October ,2023,$374.77
Limestone,1543,3249,428,1072,1208,167,374,"$510,970.00",$331.15,October ,2023,$348.70
Llano,864,1661,200,472,579,129,281,"$254,635.00",$294.72,October ,2023,$310.33
McLennan,14517,31193,4424,10695,11875,1434,2765,"$5,245,861.00",$361.36,October ,2023,$380.51
Milam,1670,3552,454,1150,1309,235,404,"$592,591.00",$354.84,October ,2023,$373.65
Mills,190,379,45,111,157,21,45,"$59,907.00",$315.30,October ,2023,$332.01
San Saba,302,634,54,215,241,23,101,"$100,011.00",$331.16,October ,2023,$348.71
Travis,38540,76752,11761,26569,27514,3480,7428,"$14,269,636.00",$370.26,October ,2023,$389.88
Williamson,11262,25259,3594,8904,9242,877,2642,"$4,388,890.00",$389.71,October ,2023,$410.36
Bastrop,4652,10587,1751,4202,3345,447,842,"$1,874,044.00",$402.85,November,2023,$425.05
Bell,19633,45614,6445,16487,17446,1852,3384,"$7,684,766.00",$391.42,November,2023,$413.00
Blanco,279,544,66,174,182,34,88,"$90,906.00",$325.83,November,2023,$343.79
Burnet,1479,3020,404,948,1070,175,423,"$491,366.00",$332.23,November,2023,$350.54
Caldwell,2355,5516,893,2069,1798,245,511,"$936,627.00",$397.72,November,2023,$419.64
Coryell,3275,7761,1079,2715,3071,314,582,"$1,209,147.00",$369.21,November,2023,$389.56
Falls,1227,2518,336,801,890,151,340,"$405,564.00",$330.53,November,2023,$348.75
Fayette,819,1745,220,612,616,69,228,"$271,899.00",$331.99,November,2023,$350.29
Freestone,1078,2273,281,780,823,131,258,"$371,619.00",$344.73,November,2023,$363.73
Gillespie,465,1029,137,365,330,49,148,"$154,596.00",$332.46,November,2023,$350.79
Hays,6168,14057,2159,5116,5209,414,1159,"$2,415,389.00",$391.60,November,2023,$413.19
Lampasas,971,1983,220,602,762,139,260,"$325,505.00",$335.23,November,2023,$353.70
Lee,817,1768,268,634,610,98,158,"$286,432.00",$350.59,November,2023,$369.91
Limestone,1520,3147,418,1016,1171,167,375,"$499,130.00",$328.38,November,2023,$346.48
Llano,854,1656,198,485,568,124,281,"$252,928.00",$296.17,November,2023,$312.49
McLennan,14241,30687,4300,10559,11641,1420,2767,"$5,123,599.00",$359.78,November,2023,$379.61
Milam,1650,3502,443,1148,1275,227,409,"$573,994.00",$347.88,November,2023,$367.05
Mills,182,363,41,108,149,21,44,"$54,450.00",$299.18,November,2023,$315.67
San Saba,296,623,55,213,230,24,101,"$98,496.00",$332.76,November,2023,$351.10
Travis,37873,75473,11642,26125,26836,3470,7400,"$13,985,491.00",$369.27,November,2023,$389.63
Williamson,11099,24923,3515,8864,9021,881,2642,"$4,307,741.00",$388.12,November,2023,$409.51
Bastrop,4610,10537,1729,4216,3299,441,852,"$1,853,964.00",$402.16,December,2023,$424.75
Bell,19388,44965,6282,16339,17086,1854,3404,"$7,463,059.00",$384.93,December,2023,$406.55
Blanco,276,547,73,169,182,34,89,"$86,044.00",$311.75,December,2023,$329.26
Burnet,1475,3069,395,1008,1066,175,425,"$492,813.00",$334.11,December,2023,$352.88
Caldwell,2314,5370,854,2011,1755,239,511,"$905,731.00",$391.41,December,2023,$413.40
Coryell,3203,7648,1078,2694,2990,302,584,"$1,180,578.00",$368.59,December,2023,$389.29
Falls,1192,2463,330,780,864,154,335,"$388,953.00",$326.30,December,2023,$344.63
Fayette,796,1674,223,566,590,69,226,"$263,646.00",$331.21,December,2023,$349.82
Freestone,1059,2247,287,773,806,126,255,"$364,601.00",$344.29,December,2023,$363.63
Gillespie,455,1024,138,364,320,49,153,"$147,626.00",$324.45,December,2023,$342.68
Hays,6066,13899,2120,5092,5111,412,1164,"$2,346,508.00",$386.83,December,2023,$408.56
Lampasas,959,1980,221,618,754,137,250,"$321,611.00",$335.36,December,2023,$354.20
Lee,808,1745,278,606,604,98,159,"$277,968.00",$344.02,December,2023,$363.34
Limestone,1476,3074,393,1005,1135,167,374,"$485,657.00",$329.04,December,2023,$347.52
Llano,850,1662,195,501,554,122,290,"$252,237.00",$296.75,December,2023,$313.42
McLennan,14069,30398,4255,10543,11393,1423,2784,"$5,004,111.00",$355.68,December,2023,$375.66
Milam,1636,3497,437,1165,1263,222,410,"$561,584.00",$343.27,December,2023,$362.55
Mills,174,343,38,100,139,21,45,"$51,240.00",$294.48,December,2023,$311.02
San Saba,289,625,62,209,232,23,99,"$94,713.00",$327.73,December,2023,$346.14
Travis,36892,73761,11444,25643,25859,3434,7381,"$13,508,592.00",$366.17,December,2023,$386.73
Williamson,10921,24526,3465,8729,8796,866,2670,"$4,188,984.00",$383.57,December,2023,$405.12
Bastrop,4602,10475,1757,4147,3270,443,858,"$1,805,434.00",$392.32,January,2024,$412.11
Bell,19177,44296,6143,16077,16817,1841,3418,"$7,260,960.00",$378.63,January,2024,$397.73
Blanco,270,537,72,166,178,30,91,"$82,844.00",$306.83,January,2024,$322.31
Burnet,1465,2989,383,963,1037,173,433,"$476,847.00",$325.49,January,2024,$341.91
Caldwell,2291,5335,871,1983,1743,234,504,"$886,103.00",$386.78,January,2024,$406.29
Coryell,3169,7513,1075,2619,2931,299,589,"$1,146,844.00",$361.89,January,2024,$380.15
Falls,1205,2545,346,823,886,155,335,"$388,441.00",$322.36,January,2024,$338.62
Fayette,781,1605,202,536,575,65,227,"$250,449.00",$320.68,January,2024,$336.85
Freestone,1039,2184,282,740,783,125,254,"$345,352.00",$332.39,January,2024,$349.16
Gillespie,442,979,143,325,315,50,146,"$142,071.00",$321.43,January,2024,$337.64
Hays,6066,13781,2105,5023,5060,424,1169,"$2,281,947.00",$376.19,January,2024,$395.16
Lampasas,954,1943,223,595,743,138,244,"$308,902.00",$323.80,January,2024,$340.13
Lee,796,1741,278,610,595,96,162,"$278,341.00",$349.67,January,2024,$367.31
Limestone,1451,3028,390,992,1114,162,370,"$470,505.00",$324.26,January,2024,$340.62
Llano,856,1660,183,493,570,121,293,"$239,240.00",$279.49,January,2024,$293.59
McLennan,13898,29885,4199,10320,11163,1399,2804,"$4,842,929.00",$348.46,January,2024,$366.04
Milam,1620,3398,418,1122,1223,218,417,"$531,662.00",$328.19,January,2024,$344.74
Mills,176,350,39,104,140,19,48,"$52,021.00",$295.57,January,2024,$310.48
San Saba,277,624,66,215,226,23,94,"$91,999.00",$332.13,January,2024,$348.88
Travis,36788,73114,11314,25159,25834,3395,7412,"$13,159,472.00",$357.71,January,2024,$375.76
Williamson,10908,24293,3434,8563,8737,869,2690,"$4,093,054.00",$375.23,January,2024,$394.16
Bastrop,4596,10474,1746,4158,3259,439,872,"$1,835,507.00",$399.37,February,2024,$416.94
Bell,19045,43738,6086,15814,16504,1857,3477,"$7,209,882.00",$378.57,February,2024,$395.22
Blanco,265,519,60,166,169,30,94,"$80,119.00",$302.34,February,2024,$315.63
Burnet,1481,3025,382,979,1058,173,433,"$485,269.00",$327.66,February,2024,$342.08
Caldwell,2299,5326,892,1959,1737,232,506,"$906,541.00",$394.32,February,2024,$411.66
Coryell,3123,7341,1052,2521,2873,301,594,"$1,134,437.00",$363.25,February,2024,$379.23
Falls,1207,2521,346,802,886,150,337,"$394,928.00",$327.20,February,2024,$341.59
Fayette,796,1634,201,539,597,69,228,"$256,918.00",$322.76,February,2024,$336.96
Freestone,1039,2182,287,738,782,124,251,"$344,032.00",$331.12,February,2024,$345.68
Gillespie,437,934,144,294,297,52,147,"$135,548.00",$310.18,February,2024,$323.82
Hays,6037,13686,2124,4976,4975,428,1183,"$2,309,357.00",$382.53,February,2024,$399.36
Lampasas,949,1913,211,585,739,136,242,"$309,402.00",$326.03,February,2024,$340.37
Lee,797,1731,274,613,583,100,161,"$287,067.00",$360.18,February,2024,$376.03
Limestone,1428,2934,361,959,1084,161,369,"$452,554.00",$316.91,February,2024,$330.85
Llano,861,1663,194,476,573,120,300,"$243,361.00",$282.65,February,2024,$295.08
McLennan,13942,29839,4147,10287,11189,1393,2823,"$4,869,354.00",$349.26,February,2024,$364.62
Milam,1619,3342,416,1071,1205,221,429,"$531,318.00",$328.18,February,2024,$342.61
Mills,184,366,41,110,147,20,48,"$54,913.00",$298.44,February,2024,$311.57
San Saba,277,622,64,209,235,22,92,"$89,848.00",$324.36,February,2024,$338.63
Travis,36969,73250,11325,25166,25822,3480,7457,"$13,360,418.00",$361.40,February,2024,$377.29
Williamson,10988,24422,3432,8594,8805,863,2728,"$4,137,770.00",$376.57,February,2024,$393.14
Bastrop,4609,10480,1737,4163,3243,447,890,"$1,820,579.00",$395.01,March,2024,$409.73
Bell,19115,43671,6117,15629,16525,1866,3534,"$7,186,087.00",$375.94,March,2024,$389.96
Blanco,276,524,67,152,176,34,95,"$80,486.00",$291.62,March,2024,$302.49
Burnet,1480,2998,379,965,1040,172,442,"$475,709.00",$321.43,March,2024,$333.41
Caldwell,2329,5386,895,1969,1773,235,514,"$910,675.00",$391.02,March,2024,$405.59
Coryell,3109,7238,1019,2461,2855,301,602,"$1,114,632.00",$358.52,March,2024,$371.88
Falls,1207,2500,335,792,880,147,346,"$382,043.00",$316.52,March,2024,$328.32
Fayette,798,1638,222,532,588,66,230,"$260,485.00",$326.42,March,2024,$338.59
Freestone,1032,2135,273,724,764,122,252,"$335,388.00",$324.99,March,2024,$337.10
Gillespie,435,949,138,319,288,53,151,"$132,560.00",$304.74,March,2024,$316.10
Hays,6026,13584,2094,4906,4947,432,1205,"$2,284,784.00",$379.15,March,2024,$393.29
Lampasas,949,1914,214,585,732,136,247,"$306,765.00",$323.25,March,2024,$335.30
Lee,808,1762,281,627,590,99,165,"$287,432.00",$355.73,March,2024,$368.99
Limestone,1412,2905,359,955,1061,159,371,"$441,947.00",$312.99,March,2024,$324.66
Llano,862,1646,189,468,575,117,297,"$240,943.00",$279.52,March,2024,$289.94
McLennan,13933,29825,4187,10289,11096,1396,2857,"$4,875,575.00",$349.93,March,2024,$362.98
Milam,1618,3324,406,1066,1199,224,429,"$526,118.00",$325.17,March,2024,$337.29
Mills,182,350,35,106,140,20,49,"$51,984.00",$285.63,March,2024,$296.27
San Saba,269,588,66,192,218,23,89,"$86,849.00",$322.86,March,2024,$334.90
Travis,37142,73114,11317,24897,25854,3499,7547,"$13,350,448.00",$359.44,March,2024,$372.84
Williamson,11043,24418,3432,8536,8831,858,2761,"$4,149,843.00",$375.79,March,2024,$389.80
Bastrop,4616,10477,1756,4155,3223,445,898,"$1,827,831.00",$395.98,April ,2024,$409.15
Bell,19144,43460,6036,15548,16420,1885,3571,"$7,246,134.00",$378.51,April ,2024,$391.10
Blanco,274,541,74,164,172,33,98,"$85,083.00",$310.52,April ,2024,$320.85
Burnet,1478,2986,381,948,1033,174,450,"$475,825.00",$321.94,April ,2024,$332.65
Caldwell,2356,5440,882,2010,1780,242,526,"$918,700.00",$389.94,April ,2024,$402.91
Coryell,3142,7259,993,2477,2858,308,623,"$1,118,024.00",$355.83,April ,2024,$367.67
Falls,1200,2487,333,787,878,145,344,"$381,123.00",$317.60,April ,2024,$328.17
Fayette,801,1621,224,510,589,68,230,"$261,767.00",$326.80,April ,2024,$337.67
Freestone,1043,2141,271,724,768,124,254,"$333,330.00",$319.59,April ,2024,$330.22
Gillespie,425,914,139,289,279,56,151,"$128,936.00",$303.38,April ,2024,$313.47
Hays,6104,13828,2130,5006,5033,444,1215,"$2,330,688.00",$381.83,April ,2024,$394.53
Lampasas,970,1942,209,603,737,140,253,"$313,620.00",$323.32,April ,2024,$334.07
Lee,831,1827,291,654,614,103,165,"$302,592.00",$364.13,April ,2024,$376.24
Limestone,1400,2851,358,914,1055,155,369,"$442,679.00",$316.20,April ,2024,$326.72
Llano,870,1661,185,476,573,126,301,"$245,208.00",$281.85,April ,2024,$291.22
McLennan,13935,29703,4177,10199,11049,1392,2886,"$4,900,671.00",$351.68,April ,2024,$363.38
Milam,1618,3296,403,1046,1191,224,432,"$525,106.00",$324.54,April ,2024,$335.33
Mills,183,346,35,105,138,18,50,"$51,865.00",$283.42,April ,2024,$292.84
San Saba,273,600,66,197,221,23,93,"$91,036.00",$333.47,April ,2024,$344.56
Travis,37512,73526,11465,24810,26083,3514,7654,"$13,526,126.00",$360.58,April ,2024,$372.57
Williamson,11152,24563,3502,8515,8866,867,2813,"$4,208,940.00",$377.42,April ,2024,$389.97
Bastrop,4610,10396,1728,4111,3197,449,911,"$1,836,894.00",$398.46,May,2024,$411.03
Bell,19174,43479,6027,15558,16384,1902,3608,"$7,230,128.00",$377.08,May,2024,$388.97
Blanco,266,508,65,144,168,33,98,"$78,339.00",$294.51,May,2024,$303.80
Burnet,1462,2961,370,952,1030,165,444,"$469,691.00",$321.27,May,2024,$331.40
Caldwell,2354,5408,878,2000,1752,241,537,"$914,633.00",$388.54,May,2024,$400.80
Coryell,3114,7208,983,2463,2824,308,630,"$1,123,097.00",$360.66,May,2024,$372.04
Falls,1177,2381,317,727,843,155,339,"$369,414.00",$313.86,May,2024,$323.76
Fayette,810,1652,220,531,593,73,235,"$263,044.00",$324.75,May,2024,$334.99
Freestone,1048,2172,280,737,773,121,261,"$340,492.00",$324.90,May,2024,$335.15
Gillespie,445,967,147,318,296,51,155,"$138,154.00",$310.46,May,2024,$320.25
Hays,6099,13835,2121,5015,5026,455,1218,"$2,330,815.00",$382.16,May,2024,$394.22
Lampasas,977,1988,216,623,754,142,253,"$323,211.00",$330.82,May,2024,$341.26
Lee,812,1784,283,629,604,102,166,"$292,987.00",$360.82,May,2024,$372.20
Limestone,1414,2867,370,912,1052,154,379,"$446,339.00",$315.66,May,2024,$325.61
Llano,885,1693,191,489,578,128,307,"$254,393.00",$287.45,May,2024,$296.52
McLennan,13887,29496,4161,10085,10920,1397,2933,"$4,864,266.00",$350.27,May,2024,$361.32
Milam,1577,3195,377,1014,1148,227,429,"$507,390.00",$321.74,May,2024,$331.89
Mills,186,340,32,100,140,18,50,"$51,348.00",$276.06,May,2024,$284.77
San Saba,274,585,71,182,213,24,95,"$88,423.00",$322.71,May,2024,$332.89
Travis,37733,73618,11534,24627,26160,3557,7740,"$13,565,239.00",$359.51,May,2024,$370.85
Williamson,11227,24619,3481,8506,8877,892,2863,"$4,248,168.00",$378.39,May,2024,$390.32
Bastrop,4648,10503,1718,4158,3271,450,906,"$1,856,246.00",$399.36,June,2024,$411.82
Bell,19385,44130,6106,15821,16707,1883,3613,"$7,360,586.00",$379.71,June,2024,$391.55
Blanco,268,502,61,142,169,32,98,"$77,767.00",$290.18,June,2024,$299.23
Burnet,1468,2943,363,938,1028,167,447,"$465,270.00",$316.94,June,2024,$326.83
Caldwell,2369,5503,907,2054,1767,244,531,"$921,424.00",$388.95,June,2024,$401.08
Coryell,3135,7316,1000,2556,2840,305,615,"$1,136,224.00",$362.43,June,2024,$373.74
Falls,1185,2394,309,746,850,153,336,"$374,572.00",$316.09,June,2024,$325.96
Fayette,797,1646,225,533,588,69,231,"$267,904.00",$336.14,June,2024,$346.63
Freestone,1061,2184,285,735,779,127,258,"$352,634.00",$332.36,June,2024,$342.73
Gillespie,459,1000,160,326,307,50,157,"$146,544.00",$319.27,June,2024,$329.23
Hays,6079,13816,2138,4988,5009,461,1220,"$2,353,293.00",$387.12,June,2024,$399.19
Lampasas,978,2017,224,634,757,142,260,"$322,639.00",$329.90,June,2024,$340.19
Lee,808,1737,259,612,592,101,173,"$278,625.00",$344.83,June,2024,$355.59
Limestone,1460,2995,400,960,1093,161,381,"$474,028.00",$324.68,June,2024,$334.81
Llano,875,1659,183,475,563,128,310,"$253,370.00",$289.57,June,2024,$298.60
McLennan,13961,29630,4194,10089,11035,1384,2928,"$4,931,574.00",$353.24,June,2024,$364.26
Milam,1564,3147,370,987,1138,215,437,"$501,075.00",$320.38,June,2024,$330.38
Mills,191,357,35,104,151,18,49,"$52,782.00",$276.35,June,2024,$284.97
San Saba,277,579,65,182,213,24,95,"$89,303.00",$322.39,June,2024,$332.45
Travis,37829,73975,11568,24794,26299,3561,7753,"$13,695,974.00",$362.05,June,2024,$373.34
Williamson,11299,24958,3523,8729,8952,901,2853,"$4,306,882.00",$381.17,June,2024,$393.06
Bastrop,4664,10511,1710,4149,3298,443,911,"$1,867,832.00",$400.48,July,2024,$412.49
Bell,19648,45049,6232,16237,17048,1896,3636,"$7,551,982.00",$384.36,July,2024,$395.89
Blanco,274,533,69,159,176,29,100,"$81,446.00",$297.25,July,2024,$306.17
Burnet,1469,2967,362,950,1032,168,455,"$469,401.00",$319.54,July,2024,$329.12
Caldwell,2418,5677,943,2132,1824,241,537,"$950,984.00",$393.29,July,2024,$405.09
Coryell,3209,7527,1016,2647,2917,312,635,"$1,180,185.00",$367.77,July,2024,$378.81
Falls,1196,2456,313,779,878,149,337,"$383,293.00",$320.48,July,2024,$330.09
Fayette,802,1648,218,549,579,68,234,"$268,705.00",$335.04,July,2024,$345.09
Freestone,1068,2211,272,768,785,124,262,"$360,816.00",$337.84,July,2024,$347.98
Gillespie,472,1014,151,331,321,51,160,"$145,285.00",$307.81,July,2024,$317.04
Hays,6119,13983,2174,5108,5006,471,1224,"$2,403,219.00",$392.75,July,2024,$404.53
Lampasas,985,2070,237,664,768,139,262,"$334,768.00",$339.87,July,2024,$350.06
Lee,813,1709,247,600,583,103,176,"$276,763.00",$340.42,July,2024,$350.63
Limestone,1501,3058,393,985,1128,165,387,"$485,802.00",$323.65,July,2024,$333.36
Llano,870,1676,183,486,566,132,309,"$253,730.00",$291.64,July,2024,$300.39
McLennan,14167,30288,4307,10344,11288,1397,2952,"$5,075,949.00",$358.29,July,2024,$369.04
Milam,1581,3225,381,1025,1158,216,445,"$513,806.00",$324.99,July,2024,$334.74
Mills,192,362,36,105,150,20,51,"$55,821.00",$290.73,July,2024,$299.45
San Saba,280,585,68,182,210,24,101,"$90,793.00",$324.26,July,2024,$333.99
Travis,38314,75204,11799,25292,26686,3610,7817,"$14,018,797.00",$365.89,July,2024,$376.87
Williamson,11432,25241,3588,8802,9040,908,2903,"$4,381,649.00",$383.28,July,2024,$394.78
Bastrop,4860,11063,1816,4381,3476,458,932,"$1,959,419.00",$403.17,August,2024,$414.93
Bell,20297,46672,6566,16761,17727,1916,3702,"$7,814,622.00",$385.01,August,2024,$396.24
Blanco,268,529,67,163,173,28,98,"$81,721.00",$304.93,August,2024,$313.82
Burnet,1528,3160,403,1024,1101,172,460,"$499,016.00",$326.58,August,2024,$336.10
Caldwell,2497,5922,1003,2233,1902,242,542,"$990,555.00",$396.70,August,2024,$408.27
Coryell,3305,7879,1081,2801,3041,315,641,"$1,225,915.00",$370.93,August,2024,$381.74
Falls,1212,2492,324,786,896,150,336,"$396,666.00",$327.28,August,2024,$336.83
Fayette,808,1687,219,571,590,71,236,"$268,465.00",$332.26,August,2024,$341.95
Freestone,1105,2298,279,797,825,127,270,"$377,134.00",$341.30,August,2024,$351.25
Gillespie,485,1064,161,347,343,49,164,"$156,905.00",$323.52,August,2024,$332.95
Hays,6253,14460,2269,5296,5177,479,1239,"$2,468,891.00",$394.83,August,2024,$406.35
Lampasas,1009,2114,239,683,785,142,265,"$344,035.00",$340.97,August,2024,$350.91
Lee,821,1746,267,595,603,103,178,"$278,616.00",$339.36,August,2024,$349.26
Limestone,1547,3169,417,1022,1168,167,395,"$510,940.00",$330.28,August,2024,$339.91
Llano,900,1732,195,512,579,131,315,"$262,302.00",$291.45,August,2024,$299.95
McLennan,14447,31110,4410,10730,11569,1407,2994,"$5,182,351.00",$358.71,August,2024,$369.18
Milam,1619,3351,419,1064,1197,220,451,"$532,659.00",$329.00,August,2024,$338.60
Mills,194,365,39,102,154,20,50,"$57,606.00",$296.94,August,2024,$305.60
San Saba,289,612,72,193,219,26,102,"$94,760.00",$327.89,August,2024,$337.45
Travis,39636,78069,12279,26418,27759,3687,7926,"$14,566,966.00",$367.52,August,2024,$378.24
Williamson,11806,26289,3762,9243,9405,926,2953,"$4,562,739.00",$386.48,August,2024,$397.75
Bastrop,5008,11411,1918,4506,3587,459,941,"$2,027,647.00",$404.88,September,2024,$416.02
Bell,20999,48350,6831,17332,18487,1947,3753,"$8,114,350.00",$386.42,September,2024,$397.05
Blanco,266,526,62,167,177,26,94,"$79,700.00",$299.62,September,2024,$307.87
Burnet,1552,3199,397,1033,1124,170,475,"$506,375.00",$326.27,September,2024,$335.25
Caldwell,2596,6185,1063,2315,2016,241,550,"$1,042,391.00",$401.54,September,2024,$412.59
Coryell,3398,8124,1117,2903,3152,309,643,"$1,277,983.00",$376.10,September,2024,$386.45
Falls,1231,2560,336,832,906,152,334,"$404,884.00",$328.91,September,2024,$337.96
Fayette,834,1748,229,591,609,77,242,"$274,958.00",$329.69,September,2024,$338.76
Freestone,1141,2408,296,846,870,124,272,"$394,458.00",$345.71,September,2024,$355.22
Gillespie,501,1105,169,360,362,48,166,"$161,772.00",$322.90,September,2024,$331.78
Hays,6485,14969,2393,5414,5414,486,1262,"$2,535,191.00",$390.93,September,2024,$401.69
Lampasas,1040,2188,253,708,819,147,261,"$351,897.00",$338.36,September,2024,$347.67
Lee,819,1728,259,582,602,102,183,"$280,859.00",$342.93,September,2024,$352.36
Limestone,1607,3281,436,1058,1208,177,402,"$526,549.00",$327.66,September,2024,$336.67
Llano,945,1827,226,534,610,138,319,"$278,891.00",$295.12,September,2024,$303.24
McLennan,14652,31550,4467,10875,11751,1430,3027,"$5,224,619.00",$356.58,September,2024,$366.39
Milam,1645,3364,434,1044,1216,222,448,"$530,156.00",$322.28,September,2024,$331.15
Mills,210,408,50,115,169,21,53,"$62,447.00",$297.37,September,2024,$305.55
San Saba,302,635,75,194,233,28,105,"$96,087.00",$318.17,September,2024,$326.92
Travis,41299,81628,12947,27624,29276,3708,8073,"$15,244,501.00",$369.13,September,2024,$379.28
Williamson,12288,27424,3949,9680,9856,942,2997,"$4,753,678.00",$386.86,September,2024,$397.50
Bastrop,5169,11765,1987,4630,3725,463,960,"$2,103,466.00",$406.94,October ,2024,$417.65
Bell,21688,49951,7066,17888,19216,1959,3822,"$8,418,962.00",$388.19,October ,2024,$398.41
Blanco,282,566,69,179,193,27,98,"$88,001.00",$312.06,October ,2024,$320.28
Burnet,1604,3321,416,1073,1169,175,488,"$525,380.00",$327.54,October ,2024,$336.17
Caldwell,2682,6403,1116,2383,2084,255,565,"$1,097,204.00",$409.10,October ,2024,$419.87
Coryell,3512,8456,1177,3029,3286,311,653,"$1,340,425.00",$381.67,October ,2024,$391.72
Falls,1244,2580,343,825,924,155,333,"$417,364.00",$335.50,October ,2024,$344.34
Fayette,816,1704,235,574,571,82,242,"$270,128.00",$331.04,October ,2024,$339.76
Freestone,1154,2440,297,855,882,124,282,"$398,038.00",$344.92,October ,2024,$354.00
Gillespie,513,1133,178,365,378,45,167,"$166,536.00",$324.63,October ,2024,$333.18
Hays,6793,15685,2550,5674,5686,489,1286,"$2,691,947.00",$396.28,October ,2024,$406.72
Lampasas,1063,2241,267,711,848,146,269,"$362,585.00",$341.10,October ,2024,$350.08
Lee,819,1733,268,594,595,99,177,"$282,335.00",$344.73,October ,2024,$353.81
Limestone,1634,3343,444,1078,1231,179,411,"$541,427.00",$331.35,October ,2024,$340.08
Llano,990,1925,236,576,647,140,326,"$296,424.00",$299.42,October ,2024,$307.30
McLennan,14935,32109,4592,11021,11974,1433,3089,"$5,350,909.00",$358.28,October ,2024,$367.71
Milam,1705,3511,468,1090,1260,224,469,"$554,972.00",$325.50,October ,2024,$334.07
Mills,205,402,52,114,162,23,51,"$64,005.00",$312.22,October ,2024,$320.44
San Saba,315,670,78,208,246,30,108,"$101,129.00",$321.04,October ,2024,$329.50
Travis,42953,84714,13494,28501,30674,3796,8249,"$15,912,186.00",$370.46,October ,2024,$380.21
Williamson,12808,28755,4176,10188,10337,979,3075,"$4,985,921.00",$389.28,October ,2024,$399.53
Bastrop,5230,11937,2031,4678,3790,462,976,"$2,130,669.00",$407.39,November,2024,$418.35
Bell,21898,50290,7139,17930,19355,1999,3867,"$8,469,981.00",$386.79,November,2024,$397.19
Blanco,288,570,70,174,197,27,102,"$87,758.00",$304.72,November,2024,$312.91
Burnet,1647,3410,441,1081,1210,181,497,"$533,873.00",$324.15,November,2024,$332.86
Caldwell,2713,6412,1117,2362,2101,260,572,"$1,101,268.00",$405.92,November,2024,$416.84
Coryell,3557,8553,1179,3075,3332,318,649,"$1,353,398.00",$380.49,November,2024,$390.72
Falls,1265,2617,330,857,932,159,339,"$418,500.00",$330.83,November,2024,$339.73
Fayette,833,1745,241,591,583,80,250,"$267,105.00",$320.65,November,2024,$329.28
Freestone,1174,2472,296,870,888,127,291,"$399,511.00",$340.30,November,2024,$349.45
Gillespie,519,1156,180,376,383,46,171,"$171,058.00",$329.59,November,2024,$338.45
Hays,6879,15894,2567,5757,5769,489,1312,"$2,723,588.00",$395.93,November,2024,$406.57
Lampasas,1076,2265,270,708,870,145,272,"$364,057.00",$338.34,November,2024,$347.44
Lee,822,1740,275,592,596,96,181,"$285,960.00",$347.88,November,2024,$357.24
Limestone,1629,3339,438,1092,1209,181,419,"$534,822.00",$328.31,November,2024,$337.14
Llano,1003,1947,250,557,669,141,330,"$301,554.00",$300.65,November,2024,$308.74
McLennan,14967,32080,4567,11004,11938,1440,3131,"$5,327,507.00",$355.95,November,2024,$365.52
Milam,1717,3514,483,1068,1264,226,473,"$556,611.00",$324.18,November,2024,$332.89
Mills,209,406,53,111,168,23,51,"$65,786.00",$314.77,November,2024,$323.23
San Saba,321,684,77,213,249,30,115,"$102,630.00",$319.72,November,2024,$328.32
Travis,43708,85907,13706,28791,31211,3827,8372,"$16,117,875.00",$368.76,November,2024,$378.68
Williamson,13170,29468,4233,10423,10656,1009,3147,"$5,126,542.00",$389.26,November,2024,$399.73
Bastrop,5191,11845,2016,4625,3754,471,979,"$2,111,023.00",$406.67,December,2024,$417.46
Bell,21832,49815,7013,17713,19181,2000,3908,"$8,413,996.00",$385.40,December,2024,$395.62
Blanco,289,571,66,179,190,27,109,"$88,945.00",$307.77,December,2024,$315.93
Burnet,1625,3378,437,1077,1194,179,491,"$530,165.00",$326.26,December,2024,$334.91
Caldwell,2699,6362,1120,2336,2080,254,572,"$1,096,329.00",$406.20,December,2024,$416.97
Coryell,3553,8527,1168,3044,3339,320,656,"$1,336,558.00",$376.18,December,2024,$386.15
Falls,1262,2599,322,850,929,158,340,"$415,026.00",$328.86,December,2024,$337.59
Fayette,812,1709,248,575,564,78,244,"$259,315.00",$319.35,December,2024,$327.82
Freestone,1142,2381,292,823,844,129,293,"$385,136.00",$337.25,December,2024,$346.19
Gillespie,525,1170,185,379,384,48,174,"$167,210.00",$318.50,December,2024,$326.94
Hays,6891,15890,2550,5771,5772,491,1306,"$2,723,635.00",$395.25,December,2024,$405.73
Lampasas,1077,2267,268,711,869,145,274,"$360,265.00",$334.51,December,2024,$343.38
Lee,809,1724,272,587,589,93,183,"$281,682.00",$348.19,December,2024,$357.42
Limestone,1614,3272,436,1050,1179,186,421,"$525,262.00",$325.44,December,2024,$334.07
Llano,1009,1986,248,591,683,139,325,"$312,219.00",$309.43,December,2024,$317.64
McLennan,14869,31740,4535,10795,11801,1449,3160,"$5,262,276.00",$353.91,December,2024,$363.30
Milam,1709,3491,477,1067,1238,227,482,"$554,264.00",$324.32,December,2024,$332.92
Mills,205,399,46,117,161,23,52,"$62,865.00",$306.66,December,2024,$314.79
San Saba,321,695,79,219,251,32,114,"$104,414.00",$325.28,December,2024,$333.90
Travis,43819,85867,13706,28638,31222,3867,8434,"$16,122,007.00",$367.92,December,2024,$377.68
Williamson,13205,29624,4285,10442,10705,1003,3189,"$5,125,193.00",$388.13,December,2024,$398.42
Bastrop,5172,11722,2020,4546,3689,475,992,"$2,068,235.00",$399.89,January,2025,$407.83
Bell,21938,49943,6993,17713,19324,1988,3925,"$8,292,441.00",$377.99,January,2025,$385.50
Blanco,294,571,71,171,194,26,109,"$86,255.00",$293.38,January,2025,$299.21
Burnet,1643,3421,458,1072,1212,179,500,"$524,915.00",$319.49,January,2025,$325.83
Caldwell,2712,6410,1124,2359,2101,261,565,"$1,085,150.00",$400.13,January,2025,$408.07
Coryell,3576,8585,1197,3060,3346,320,662,"$1,325,293.00",$370.61,January,2025,$377.96
Falls,1264,2595,326,839,934,163,333,"$410,136.00",$324.47,January,2025,$330.91
Fayette,814,1713,241,578,566,82,246,"$256,294.00",$314.86,January,2025,$321.11
Freestone,1155,2408,302,827,855,133,291,"$382,280.00",$330.98,January,2025,$337.55
Gillespie,522,1169,181,383,388,46,171,"$171,429.00",$328.41,January,2025,$334.93
Hays,7036,16115,2569,5817,5903,515,1311,"$2,718,756.00",$386.41,January,2025,$394.08
Lampasas,1094,2332,283,734,896,145,274,"$362,195.00",$331.07,January,2025,$337.65
Lee,810,1705,259,579,589,96,182,"$274,451.00",$338.83,January,2025,$345.55
Limestone,1611,3282,430,1063,1185,188,416,"$513,797.00",$318.93,January,2025,$325.26
Llano,1012,2000,246,602,693,133,326,"$304,127.00",$300.52,January,2025,$306.49
McLennan,14838,31616,4514,10714,11789,1461,3138,"$5,142,641.00",$346.59,January,2025,$353.46
Milam,1725,3528,476,1091,1253,224,484,"$549,609.00",$318.61,January,2025,$324.94
Mills,208,404,43,125,158,24,54,"$61,365.00",$295.02,January,2025,$300.88
San Saba,325,693,73,221,250,32,117,"$102,065.00",$314.05,January,2025,$320.28
Travis,44120,86180,13747,28630,31443,3868,8492,"$15,884,034.00",$360.02,January,2025,$367.16
Williamson,13290,29828,4341,10492,10803,1006,3186,"$5,083,918.00",$382.54,January,2025,$390.13
Bastrop,5206,11822,2042,4558,3742,475,1005,"$2,092,265.00",$401.89,February,2025,$408.06
Bell,21981,50059,6987,17759,19422,1975,3916,"$8,360,287.00",$380.34,February,2025,$386.18
Blanco,284,562,73,173,185,28,103,"$86,768.00",$305.52,February,2025,$310.21
Burnet,1636,3423,461,1078,1223,175,486,"$529,674.00",$323.76,February,2025,$328.73
Caldwell,2692,6428,1139,2375,2095,263,556,"$1,093,266.00",$406.12,February,2025,$412.35
Coryell,3576,8569,1178,3050,3360,324,657,"$1,341,109.00",$375.03,February,2025,$380.78
Falls,1241,2526,318,804,918,159,327,"$399,023.00",$321.53,February,2025,$326.47
Fayette,792,1674,230,570,555,83,236,"$253,570.00",$320.16,February,2025,$325.07
Freestone,1156,2421,299,833,866,131,292,"$399,741.00",$345.80,February,2025,$351.10
Gillespie,522,1169,180,379,388,48,174,"$171,208.00",$327.98,February,2025,$333.02
Hays,6974,15975,2568,5738,5851,525,1293,"$2,712,769.00",$388.98,February,2025,$394.95
Lampasas,1098,2294,271,709,888,151,275,"$360,844.00",$328.64,February,2025,$333.68
Lee,813,1716,259,579,600,97,181,"$275,264.00",$338.58,February,2025,$343.77
Limestone,1631,3337,438,1085,1216,184,414,"$520,454.00",$319.10,February,2025,$324.00
Llano,1005,1975,240,595,690,126,324,"$304,500.00",$302.99,February,2025,$307.63
McLennan,14879,31692,4540,10687,11895,1466,3104,"$5,199,252.00",$349.44,February,2025,$354.80
Milam,1719,3539,490,1088,1258,218,485,"$555,186.00",$322.97,February,2025,$327.92
Mills,208,402,43,127,155,24,53,"$61,687.00",$296.57,February,2025,$301.12
San Saba,324,673,69,211,243,34,116,"$101,088.00",$312.00,February,2025,$316.79
Travis,44140,86174,13885,28417,31545,3875,8452,"$16,041,017.00",$363.41,February,2025,$368.99
Williamson,13315,29894,4353,10476,10872,988,3205,"$5,101,105.00",$383.11,February,2025,$388.99
Bastrop,5177,11759,2047,4529,3712,481,990,"$2,082,719.00",$402.30,March,2025,$407.56
Bell,21956,49902,6963,17682,19390,1952,3915,"$8,339,935.00",$379.85,March,2025,$384.81
Blanco,283,566,72,172,194,27,101,"$86,859.00",$306.92,March,2025,$310.93
Burnet,1660,3478,465,1098,1245,177,493,"$540,710.00",$325.73,March,2025,$329.98
Caldwell,2676,6333,1112,2349,2072,254,546,"$1,083,054.00",$404.73,March,2025,$410.01
Coryell,3566,8547,1196,3016,3360,317,658,"$1,341,185.00",$376.10,March,2025,$381.02
Falls,1237,2509,308,794,926,160,321,"$394,893.00",$319.23,March,2025,$323.40
Fayette,778,1630,229,536,552,82,231,"$253,977.00",$326.45,March,2025,$330.71
Freestone,1144,2397,306,811,858,127,295,"$392,164.00",$342.80,March,2025,$347.28
Gillespie,520,1162,173,386,381,48,174,"$171,387.00",$329.59,March,2025,$333.90
Hays,6995,16080,2590,5763,5914,526,1287,"$2,758,620.00",$394.37,March,2025,$399.52
Lampasas,1084,2266,270,696,875,149,276,"$359,087.00",$331.26,March,2025,$335.59
Lee,806,1717,256,592,591,98,180,"$274,533.00",$340.61,March,2025,$345.06
Limestone,1605,3283,428,1061,1216,180,398,"$514,237.00",$320.40,March,2025,$324.58
Llano,994,1937,233,579,672,129,324,"$298,875.00",$300.68,March,2025,$304.61
McLennan,14833,31560,4507,10672,11846,1459,3076,"$5,174,835.00",$348.87,March,2025,$353.43
Milam,1713,3530,483,1089,1259,216,483,"$563,750.00",$329.10,March,2025,$333.40
Mills,200,389,39,125,149,23,53,"$61,696.00",$308.48,March,2025,$312.51
San Saba,316,660,69,208,239,31,113,"$97,623.00",$308.93,March,2025,$312.97
Travis,44127,86160,13965,28381,31591,3844,8379,"$16,077,378.00",$364.34,March,2025,$369.10
Williamson,13333,30013,4435,10473,10915,994,3196,"$5,138,305.00",$385.38,March,2025,$390.42
Bastrop,5157,11739,2036,4527,3722,477,977,"$2,089,460.00",$405.17,April ,2025,$409.19
Bell,21979,50053,7028,17643,19544,1914,3924,"$8,420,076.00",$383.10,April ,2025,$386.90
Blanco,283,575,77,177,194,29,98,"$89,902.00",$317.67,April ,2025,$320.82
Burnet,1651,3443,464,1078,1233,182,486,"$544,543.00",$329.83,April ,2025,$333.10
Caldwell,2677,6401,1121,2388,2096,250,546,"$1,085,793.00",$405.60,April ,2025,$409.62
Coryell,3553,8460,1185,2959,3350,315,651,"$1,332,054.00",$374.91,April ,2025,$378.63
Falls,1227,2490,299,800,913,152,326,"$395,220.00",$322.10,April ,2025,$325.30
Fayette,787,1658,229,551,569,87,222,"$262,825.00",$333.96,April ,2025,$337.27
Freestone,1117,2346,304,799,836,119,288,"$380,971.00",$341.07,April ,2025,$344.45
Gillespie,525,1157,173,377,383,48,176,"$172,731.00",$329.01,April ,2025,$332.27
Hays,7004,16125,2605,5754,5954,526,1286,"$2,771,264.00",$395.67,April ,2025,$399.59
Lampasas,1077,2253,272,688,863,150,280,"$365,000.00",$338.90,April ,2025,$342.26
Lee,813,1738,259,600,598,102,179,"$281,357.00",$346.07,April ,2025,$349.50
Limestone,1572,3197,417,1023,1187,179,391,"$503,027.00",$319.99,April ,2025,$323.16
Llano,980,1886,223,558,663,124,318,"$293,723.00",$299.72,April ,2025,$302.69
McLennan,14874,31637,4547,10675,11915,1441,3059,"$5,229,464.00",$351.58,April ,2025,$355.07
Milam,1693,3500,476,1095,1247,211,471,"$566,741.00",$334.76,April ,2025,$338.07
Mills,207,414,44,131,163,22,54,"$65,967.00",$318.68,April ,2025,$321.84
San Saba,319,653,71,199,237,34,112,"$99,588.00",$312.19,April ,2025,$315.28
Travis,43932,85975,14038,28348,31491,3834,8264,"$16,108,452.00",$366.67,April ,2025,$370.30
Williamson,13338,30027,4466,10449,10937,994,3181,"$5,170,414.00",$387.65,April ,2025,$391.49
Bastrop,5138,11741,2056,4523,3750,451,961,"$2,074,561.00",$403.77,May,2025,$406.92
Bell,21878,49909,6979,17663,19497,1878,3892,"$8,403,739.00",$384.12,May,2025,$387.12
Blanco,284,573,75,180,196,28,94,"$90,273.00",$317.86,May,2025,$320.35
Burnet,1637,3400,458,1060,1212,184,486,"$541,222.00",$330.62,May,2025,$333.20
Caldwell,2694,6502,1129,2456,2121,253,543,"$1,113,134.00",$413.19,May,2025,$416.42
Coryell,3531,8405,1180,2926,3333,320,646,"$1,326,635.00",$375.71,May,2025,$378.65
Falls,1223,2500,309,804,922,147,318,"$400,959.00",$327.85,May,2025,$330.41
Fayette,772,1630,224,547,569,82,208,"$256,203.00",$331.87,May,2025,$334.46
Freestone,1109,2351,309,796,839,123,284,"$377,808.00",$340.67,May,2025,$343.34
Gillespie,524,1144,171,370,381,52,170,"$168,746.00",$322.03,May,2025,$324.55
Hays,7038,16276,2620,5849,6001,533,1273,"$2,792,273.00",$396.74,May,2025,$399.84
Lampasas,1066,2224,254,693,853,146,278,"$359,305.00",$337.06,May,2025,$339.69
Lee,819,1748,258,606,608,99,177,"$284,847.00",$347.80,May,2025,$350.52
Limestone,1556,3159,412,1018,1166,175,388,"$501,276.00",$322.16,May,2025,$324.67
Llano,987,1920,230,578,676,122,314,"$302,229.00",$306.21,May,2025,$308.60
McLennan,14702,31407,4532,10621,11869,1409,2976,"$5,204,863.00",$354.02,May,2025,$356.79
Milam,1689,3489,484,1079,1258,208,460,"$566,336.00",$335.31,May,2025,$337.93
Mills,205,403,43,125,160,24,51,"$63,955.00",$311.98,May,2025,$314.41
San Saba,300,615,67,189,217,34,108,"$92,758.00",$309.19,May,2025,$311.61
Travis,43661,85702,14112,28344,31301,3742,8203,"$16,047,290.00",$367.54,May,2025,$370.41
Williamson,13208,29813,4454,10395,10800,996,3168,"$5,120,596.00",$387.69,May,2025,$390.72
Bastrop,5064,11641,2057,4478,3731,441,934,"$2,079,560.00",$410.66,June,2025,$412.46
Bell,21732,49709,7034,17541,19433,1850,3851,"$8,405,291.00",$386.77,June,2025,$388.47
Blanco,279,571,78,176,198,26,93,"$89,836.00",$321.99,June,2025,$323.41
Burnet,1619,3379,462,1063,1204,174,476,"$542,807.99",$335.27,June,2025,$336.74
Caldwell,2656,6455,1134,2429,2123,246,523,"$1,114,739.00",$419.71,June,2025,$421.55
Coryell,3469,8268,1163,2881,3280,319,625,"$1,311,086.00",$377.94,June,2025,$379.60
Falls,1218,2504,318,806,921,146,313,"$403,596.00",$331.36,June,2025,$332.81
Fayette,754,1630,219,566,573,77,195,"$253,520.00",$336.23,June,2025,$337.71
Freestone,1093,2309,297,785,831,116,280,"$374,573.00",$342.70,June,2025,$344.21
Gillespie,526,1183,180,386,399,52,166,"$179,823.00",$341.87,June,2025,$343.37
Hays,7012,16199,2618,5814,6006,523,1238,"$2,797,191.00",$398.91,June,2025,$400.66
Lampasas,1034,2164,256,679,822,146,261,"$351,524.00",$339.97,June,2025,$341.46
Lee,812,1753,261,610,614,96,172,"$281,393.00",$346.54,June,2025,$348.06
Limestone,1540,3149,419,1024,1158,164,384,"$497,794.00",$323.24,June,2025,$324.66
Llano,990,1949,240,579,699,124,307,"$309,187.00",$312.31,June,2025,$313.68
McLennan,14504,31029,4549,10458,11736,1357,2929,"$5,189,194.00",$357.78,June,2025,$359.35
Milam,1636,3416,480,1062,1248,191,435,"$558,131.00",$341.16,June,2025,$342.65
Mills,204,416,47,133,163,21,52,"$64,291.00",$315.15,June,2025,$316.53
San Saba,307,626,67,188,230,36,105,"$95,354.00",$310.60,June,2025,$311.96
Travis,43339,84860,14095,27911,31230,3658,7966,"$16,014,886.00",$369.53,June,2025,$371.15
Williamson,13159,29819,4453,10443,10818,993,3112,"$5,110,324.00",$388.35,June,2025,$390.06
Bastrop,5131,11686,2032,4497,3759,447,951,"$2,067,522.00",$402.95,July,2025,$404.10
Bell,21922,49959,6993,17637,19601,1848,3880,"$8,423,636.00",$384.25,July,2025,$385.36
Blanco,278,571,78,181,192,28,92,"$90,574.00",$325.81,July,2025,$326.74
Burnet,1618,3387,462,1058,1194,184,489,"$541,405.00",$334.61,July,2025,$335.57
Caldwell,2679,6446,1128,2414,2117,246,541,"$1,109,880.00",$414.29,July,2025,$415.48
Coryell,3528,8456,1173,2956,3369,320,638,"$1,314,527.00",$372.60,July,2025,$373.67
Falls,1214,2462,305,778,910,148,321,"$396,024.00",$326.21,July,2025,$327.15
Fayette,754,1607,212,551,563,70,211,"$249,466.00",$330.86,July,2025,$331.81
Freestone,1096,2284,299,760,830,111,284,"$366,710.00",$334.59,July,2025,$335.55
Gillespie,532,1212,185,398,409,51,169,"$186,001.00",$349.63,July,2025,$350.63
Hays,7075,16339,2596,5857,6098,534,1254,"$2,819,970.00",$398.58,July,2025,$399.73
Lampasas,1057,2234,264,704,858,145,263,"$357,599.00",$338.32,July,2025,$339.29
Lee,816,1774,262,621,619,99,173,"$284,469.00",$348.61,July,2025,$349.62
Limestone,1552,3184,407,1035,1176,176,390,"$499,125.00",$321.60,July,2025,$322.53
Llano,999,2012,254,614,708,121,315,"$314,209.00",$314.52,July,2025,$315.43
McLennan,14768,31618,4608,10672,12007,1364,2967,"$5,280,795.00",$357.58,July,2025,$358.61
Milam,1644,3446,477,1063,1263,195,448,"$560,639.00",$341.02,July,2025,$342.00
Mills,204,419,48,131,163,22,55,"$62,365.00",$305.71,July,2025,$306.59
San Saba,298,614,65,188,220,38,103,"$95,874.00",$321.72,July,2025,$322.65
Travis,43991,85755,14048,28121,31722,3737,8127,"$16,109,078.00",$366.19,July,2025,$367.24
Williamson,13305,30090,4467,10526,10974,984,3139,"$5,167,052.00",$388.35,July,2025,$389.47
Bastrop,5149,11633,2011,4424,3794,448,956,"$2,070,188.00",$402.06,August,2025,$402.06
Bell,22186,50543,7044,17827,19905,1844,3923,"$8,505,938.00",$383.39,August,2025,$383.39
Blanco,282,578,90,174,195,27,92,"$93,060.00",$330.00,August,2025,$330.00
Burnet,1628,3420,479,1068,1198,183,492,"$535,137.00",$328.71,August,2025,$328.71
Caldwell,2713,6487,1125,2414,2158,247,543,"$1,117,374.00",$411.86,August,2025,$411.86
Coryell,3562,8502,1193,2953,3382,336,638,"$1,332,946.00",$374.21,August,2025,$374.21
Falls,1232,2513,314,791,930,153,325,"$403,273.00",$327.33,August,2025,$327.33
Fayette,786,1691,223,596,584,74,214,"$259,121.00",$329.67,August,2025,$329.67
Freestone,1109,2329,322,767,838,116,286,"$372,561.00",$335.94,August,2025,$335.94
Gillespie,525,1177,180,382,394,49,172,"$184,955.00",$352.30,August,2025,$352.30
Hays,7160,16472,2597,5907,6140,553,1275,"$2,841,233.00",$396.82,August,2025,$396.82
Lampasas,1083,2284,267,718,884,144,271,"$371,064.00",$342.63,August,2025,$342.63
Lee,822,1785,263,624,620,100,178,"$288,392.00",$350.84,August,2025,$350.84
Limestone,1549,3172,402,1017,1182,181,390,"$501,069.00",$323.48,August,2025,$323.48
Llano,1004,1986,247,589,710,120,320,"$314,048.00",$312.80,August,2025,$312.80
McLennan,14860,31705,4546,10697,12101,1358,3003,"$5,290,951.00",$356.05,August,2025,$356.05
Milam,1640,3438,485,1054,1257,191,451,"$563,655.00",$343.69,August,2025,$343.69
Mills,202,411,47,127,159,20,58,"$62,964.00",$311.70,August,2025,$311.70
San Saba,285,582,61,170,212,37,102,"$89,876.00",$315.35,August,2025,$315.35
Travis,44399,86355,14086,28189,32144,3740,8196,"$16,250,840.00",$366.02,August,2025,$366.02
Williamson,13401,30262,4450,10587,11058,996,3171,"$5,199,453.00",$387.99,August,2025,$387.99
Bastrop,5168,11673,2043,4423,3791,457,959,"$2,063,572.00",$399.30,September,2025,$398.29
Bell,22481,51201,7159,18025,20211,1851,3955,"$8,604,315.00",$382.74,September,2025,$381.77
Blanco,280,577,86,177,194,28,92,"$89,696.00",$320.34,September,2025,$319.53
Burnet,1672,3526,499,1104,1241,184,498,"$552,811.00",$330.63,September,2025,$329.79
Caldwell,2772,6685,1138,2522,2207,257,561,"$1,145,382.00",$413.20,September,2025,$412.15
Coryell,3591,8544,1210,2948,3408,330,648,"$1,345,357.00",$374.65,September,2025,$373.70
Falls,1240,2541,316,805,937,152,331,"$406,179.00",$327.56,September,2025,$326.73
Fayette,775,1675,216,591,585,69,214,"$252,966.00",$326.41,September,2025,$325.58
Freestone,1133,2351,325,763,856,118,289,"$379,398.00",$334.86,September,2025,$334.01
Gillespie,558,1241,188,405,428,47,173,"$190,296.00",$341.03,September,2025,$340.16
Hays,7316,16722,2594,5991,6276,560,1301,"$2,880,687.00",$393.75,September,2025,$392.75
Lampasas,1087,2259,259,709,883,139,269,"$367,588.00",$338.17,September,2025,$337.31
Lee,845,1836,282,625,643,103,183,"$299,400.00",$354.32,September,2025,$353.42
Limestone,1563,3221,409,1042,1207,179,384,"$507,933.00",$324.97,September,2025,$324.15
Llano,1019,2011,244,598,722,120,327,"$317,905.00",$311.98,September,2025,$311.19
McLennan,15010,31909,4550,10732,12223,1371,3033,"$5,284,348.00",$352.06,September,2025,$351.17
Milam,1670,3509,494,1073,1292,186,464,"$570,339.00",$341.52,September,2025,$340.65
Mills,195,390,42,125,148,21,54,"$59,143.00",$303.30,September,2025,$302.53
San Saba,286,575,55,172,207,38,103,"$88,017.00",$307.75,September,2025,$306.97
Travis,44895,87061,14144,28309,32534,3774,8300,"$16,323,707.00",$363.60,September,2025,$362.68
Williamson,13569,30646,4500,10706,11220,1004,3216,"$5,255,804.00",$387.34,September,2025,$386.36
Bastrop,5126,11572,2042,4395,3710,464,961,"$2,109,509",$411.53,October,2025,$410.49
Bell,22423,51042,7151,17908,20148,1850,3985,"$8,854,581",$394.89,October,2025,$393.89
Blanco,284,587,81,186,198,28,94,"$91,253",$321.31,October,2025,$320.50
Burnet,1669,3519,491,1108,1239,184,497,"$578,313",$346.50,October,2025,$345.62
Caldwell,2774,6670,1145,2519,2172,255,579,"$1,172,794",$422.78,October,2025,$421.71
Coryell,3561,8468,1204,2908,3371,327,658,"$1,372,064",$385.30,October,2025,$384.33
Falls,1239,2536,315,793,941,151,336,"$411,803",$332.37,October,2025,$331.52
Fayette,782,1668,219,575,584,71,219,"$264,824",$338.65,October,2025,$337.79
Freestone,1125,2351,340,754,845,124,288,"$391,268",$347.79,October,2025,$346.91
Gillespie,548,1225,189,399,425,46,166,"$194,607",$355.12,October,2025,$354.22
Hays,7336,16786,2623,6007,6287,557,1312,"$2,975,758",$405.64,October,2025,$404.61
Lampasas,1087,2272,259,720,877,140,276,"$378,272",$348.00,October,2025,$347.11
Lee,831,1799,279,600,629,104,187,"$302,909",$364.51,October,2025,$363.59
Limestone,1548,3198,416,1020,1199,178,385,"$526,244",$339.95,October,2025,$339.09
Llano,1005,1969,246,573,697,120,333,"$322,345",$320.74,October,2025,$319.93
McLennan,14951,31875,4588,10703,12168,1363,3053,"$5,439,745",$363.84,October,2025,$362.92
Milam,1622,3362,459,1027,1230,182,464,"$560,967",$345.85,October,2025,$344.97
Mills,193,379,41,115,150,22,51,"$60,540",$313.68,October,2025,$312.88
San Saba,281,563,56,166,201,40,100,"$88,117",$313.58,October,2025,$312.79
Travis,44745,86794,14122,28260,32277,3778,8357,"$16,698,337",$373.19,October,2025,$372.24
Williamson,13533,30563,4563,10660,11102,1003,3235,"$5,370,970",$396.88,October,2025,$395.87
Bastrop,4984,11216,1953,4258,3582,462,961,"$2,042,657",$409.84,November,2025,$409.66
Bell,21859,49694,6950,17457,19477,1845,3965,"$8,568,701",$392.00,November,2025,$391.82
Blanco,279,573,78,182,195,27,91,"$89,624",$321.23,November,2025,$321.09
Burnet,1622,3437,487,1091,1193,181,485,"$563,896",$347.65,November,2025,$347.50
Caldwell,2670,6376,1095,2388,2074,247,572,"$1,121,411",$420.00,November,2025,$419.81
Coryell,3419,8127,1130,2815,3212,310,660,"$1,306,703",$382.19,November,2025,$382.02
Falls,1226,2531,322,801,926,150,332,"$408,934",$333.55,November,2025,$333.40
Fayette,768,1597,202,543,560,74,218,"$254,356",$331.19,November,2025,$331.04
Freestone,1094,2259,323,719,815,121,281,"$370,422",$338.59,November,2025,$338.44
Gillespie,522,1152,174,373,392,46,167,"$181,893",$348.45,November,2025,$348.30
Hays,7095,16199,2530,5794,6025,547,1303,"$2,864,898",$403.79,November,2025,$403.61
Lampasas,1059,2198,240,700,841,137,280,"$363,898",$343.62,November,2025,$343.47
Lee,825,1775,274,597,615,101,188,"$301,138",$365.02,November,2025,$364.85
Limestone,1494,3077,396,984,1142,175,380,"$497,749",$333.17,November,2025,$333.02
Llano,992,1894,227,538,678,118,333,"$306,694",$309.17,November,2025,$309.03
McLennan,14481,30866,4431,10383,11658,1352,3042,"$5,255,840",$362.95,November,2025,$362.78
Milam,1571,3258,447,1003,1169,179,460,"$532,288",$338.82,November,2025,$338.67
Mills,189,373,42,115,145,20,51,"$58,814",$311.19,November,2025,$311.05
San Saba,267,520,51,150,180,36,103,"$81,676",$305.90,November,2025,$305.76
Travis,43413,84075,13565,27472,31007,3744,8287,"$16,126,855",$371.48,November,2025,$371.31
Williamson,13121,29556,4428,10296,10671,970,3191,"$5,159,882",$393.25,November,2025,$393.08
Bastrop,4915,11032,1909,4187,3509,454,973,"$2,013,349",$409.63,December,2025,$409.53
Bell,21527,48791,6787,17111,19093,1852,3948,"$8,392,679",$389.87,December,2025,$389.78
Blanco,285,584,81,181,199,28,95,"$89,112",$312.67,December,2025,$312.59
Burnet,1601,3396,485,1067,1183,182,479,"$555,934",$347.24,December,2025,$347.16
Caldwell,2625,6279,1072,2358,2049,239,561,"$1,111,987",$423.61,December,2025,$423.51
Coryell,3338,7880,1089,2711,3114,309,657,"$1,258,781",$377.11,December,2025,$377.02
Falls,1166,2371,295,749,853,148,326,"$385,604",$330.71,December,2025,$330.63
Fayette,756,1578,205,534,551,72,216,"$248,293",$328.43,December,2025,$328.35
Freestone,1063,2176,302,685,785,122,282,"$355,200",$334.15,December,2025,$334.07
Gillespie,497,1068,157,336,366,45,164,"$173,203",$348.50,December,2025,$348.42
Hays,6947,15893,2504,5682,5855,551,1301,"$2,813,081",$404.93,December,2025,$404.83
Lampasas,1058,2178,233,698,823,140,284,"$360,066",$340.33,December,2025,$340.25
Lee,811,1742,271,584,599,94,194,"$297,318",$366.61,December,2025,$366.52
Limestone,1469,2974,382,938,1097,176,381,"$484,705",$329.96,December,2025,$329.88
Llano,984,1866,222,523,673,120,328,"$300,671",$305.56,December,2025,$305.49
McLennan,14215,30286,4335,10142,11442,1330,3037,"$5,117,716",$360.02,December,2025,$359.93
Milam,1544,3180,434,975,1134,175,462,"$518,643",$335.91,December,2025,$335.83
Mills,185,365,43,110,145,18,49,"$59,017",$319.01,December,2025,$318.93
San Saba,260,511,51,152,171,34,103,"$78,554",$302.13,December,2025,$302.06
Travis,42403,82095,13186,26743,30227,3675,8264,"$15,730,531",$370.98,December,2025,$370.89
Williamson,12880,28859,4307,10030,10372,954,3196,"$5,076,485",$394.14,December,2025,$394.05
Bastrop,4811,10715,1850,4004,3427,461,973,"$1,915,014",$398.05,January,2026,$396.49
Bell,21134,47834,6619,16724,18775,1831,3885,"$8,105,129",$383.51,January,2026,$382.01
Blanco,286,579,77,178,200,28,96,"$87,767",$306.88,January,2026,$305.68
Burnet,1581,3367,468,1084,1164,180,471,"$537,821",$340.18,January,2026,$338.85
Caldwell,2592,6159,1067,2298,2003,236,555,"$1,070,651",$413.06,January,2026,$411.44
Coryell,3267,7690,1054,2654,3034,299,649,"$1,195,424",$365.91,January,2026,$364.47
Falls,1131,2300,279,728,833,145,315,"$360,613",$318.84,January,2026,$317.59
Fayette,741,1539,200,516,539,73,211,"$234,021",$315.82,January,2026,$314.58
Freestone,1041,2100,284,657,761,123,275,"$332,507",$319.41,January,2026,$318.16
Gillespie,480,1024,157,320,342,42,163,"$160,176",$333.70,January,2026,$332.39
Hays,6843,15562,2446,5507,5764,538,1307,"$2,695,493",$393.91,January,2026,$392.36
Lampasas,1048,2138,234,665,816,134,289,"$343,289",$327.57,January,2026,$326.28
Lee,810,1737,265,583,602,91,196,"$291,008",$359.27,January,2026,$357.86
Limestone,1435,2887,368,899,1065,178,377,"$460,656",$321.01,January,2026,$319.75
Llano,961,1799,214,493,649,116,327,"$281,643",$293.07,January,2026,$291.92
McLennan,13926,29627,4241,9918,11131,1307,3030,"$4,865,369",$349.37,January,2026,$348.00
Milam,1530,3123,418,954,1124,167,460,"$496,349",$324.41,January,2026,$323.14
Mills,181,367,44,110,146,18,49,"$55,668",$307.56,January,2026,$306.35
San Saba,251,488,47,146,166,29,100,"$72,582",$289.17,January,2026,$288.04
Travis,41517,80174,12811,26088,29442,3617,8216,"$15,015,526",$361.67,January,2026,$360.25
Williamson,12736,28367,4241,9723,10252,956,3195,"$4,856,216",$381.30,January,2026,$379.80
Bastrop,4757,10607,1825,3960,3404,448,970,"$1,896,306",$398.63,February,2026,$395.20
Bell,20654,46589,6440,16285,18189,1795,3880,"$7,904,345",$382.70,February,2026,$379.41
Blanco,279,563,74,174,198,27,90,"$87,051",$312.01,February,2026,$309.33
Burnet,1555,3260,460,1029,1128,181,462,"$514,889",$331.12,February,2026,$328.27
Caldwell,2553,6033,1059,2226,1958,236,554,"$1,053,753",$412.75,February,2026,$409.20
Coryell,3206,7461,1031,2526,2964,291,649,"$1,169,672",$364.84,February,2026,$361.70
Falls,1108,2244,276,706,805,146,311,"$349,062",$315.04,February,2026,$312.33
Fayette,716,1475,172,508,513,74,208,"$227,810",$318.17,February,2026,$315.44
Freestone,1017,2039,287,625,735,120,272,"$328,701",$323.21,February,2026,$320.43
Gillespie,472,1003,153,314,331,43,162,"$159,620",$338.18,February,2026,$335.27
Hays,6714,15277,2400,5403,5614,535,1325,"$2,634,150",$392.34,February,2026,$388.97
Lampasas,1035,2122,242,658,801,136,285,"$343,463",$331.85,February,2026,$329.00
Lee,780,1660,249,563,561,87,200,"$276,657",$354.69,February,2026,$351.64
Limestone,1417,2839,360,867,1063,175,374,"$457,856",$323.12,February,2026,$320.34
Llano,949,1815,214,515,649,115,322,"$279,440",$294.46,February,2026,$291.93
McLennan,13655,28954,4157,9668,10865,1271,2993,"$4,791,435",$350.89,February,2026,$347.87
Milam,1489,3037,411,917,1089,168,452,"$484,345",$325.28,February,2026,$322.48
Mills,175,354,41,108,137,18,50,"$51,764",$295.79,February,2026,$293.25
San Saba,242,476,40,146,163,30,97,"$71,807",$296.72,February,2026,$294.17
Travis,40871,78899,12702,25549,28886,3612,8150,"$14,829,387",$362.83,February,2026,$359.71
Williamson,12484,27730,4114,9495,9984,950,3187,"$4,783,541",$383.17,February,2026,$379.88
Bastrop,4641,10350,1782,3830,3306,454,978,"$1,816,692",$391.44,March,2026,$395.20
Bell,20333,45748,6325,15991,17734,1797,3901,"$7,693,298",$378.37,March,2026,$379.41
Blanco,276,553,71,166,196,29,91,"$84,511",$306.20,March,2026,$309.33
Burnet,1528,3145,434,973,1097,176,465,"$485,811",$317.94,March,2026,$328.27
Caldwell,2467,5762,1013,2106,1850,236,557,"$999,886",$405.30,March,2026,$409.20
Coryell,3187,7396,1009,2505,2930,300,652,"$1,161,303",$364.39,March,2026,$361.70
Falls,1099,2207,285,671,793,144,314,"$335,039",$304.86,March,2026,$312.33
Fayette,707,1464,171,518,499,72,204,"$224,374",$317.36,March,2026,$315.44
Freestone,1001,1993,271,615,716,121,270,"$312,832",$312.52,March,2026,$320.43
Gillespie,466,968,144,297,324,41,162,"$149,612",$321.06,March,2026,$335.27
Hays,6525,14795,2354,5182,5418,522,1319,"$2,543,941",$389.88,March,2026,$388.97
Lampasas,1014,2059,234,625,778,137,285,"$330,888",$326.32,March,2026,$329.00
Lee,764,1627,238,559,548,83,199,"$269,296",$352.48,March,2026,$351.64
Limestone,1389,2736,352,829,1013,161,381,"$438,173",$315.46,March,2026,$320.34
Llano,932,1760,204,499,632,108,317,"$273,485",$293.44,March,2026,$291.93
McLennan,13380,28278,4050,9386,10568,1268,3006,"$4,630,430",$346.07,March,2026,$347.87
Milam,1461,2995,408,917,1052,170,448,"$475,990",$325.80,March,2026,$322.48
Mills,172,353,41,110,134,17,51,"$50,691",$294.72,March,2026,$293.25
San Saba,245,487,45,148,164,30,100,"$68,127",$278.07,March,2026,$294.17
Travis,39983,76988,12452,24964,27798,3574,8200,"$14,332,054",$358.45,March,2026,$359.71
Williamson,12247,27122,4064,9196,9734,935,3193,"$4,642,550",$379.08,March,2026,$379.88
